z,SNR,m1,m2,Mc,eta,dL,iota,theta,phi,psi
0.344669,501.869768,2984319.091547,824331.395028,1766157.117936,0.169592,1879.955338,1.483502,1.813074,1.728461,6.239835
0.442735,2775.921876,1840583.843270,1096013.533650,1772069.004529,0.233928,2523.089467,0.850751,1.263683,2.194917,4.280866
0.643746,2760.489037,295375.713854,243614.489371,383499.993384,0.247694,3955.209773,1.230123,1.468768,5.036377,4.715262
0.457632,1446.704885,1070557.487741,18790.437498,137512.666914,0.016952,2624.224050,1.107025,0.500822,3.176942,3.874379
0.609835,560.123389,945972.116244,435015.850893,885877.097582,0.215776,3704.018068,1.297925,1.503144,1.039139,1.421464
0.629490,1606.180295,87983.432653,52273.396877,95559.911329,0.233794,3849.166308,1.141658,2.957814,1.965713,3.930084
0.549459,1348.867845,923843.092834,302635.638010,692403.314466,0.185865,3265.997918,0.959904,0.694167,0.669341,5.748498
0.571123,959.128907,4056815.328729,2290887.990007,4136187.832759,0.230651,3421.767082,1.187219,0.701661,3.302589,3.974254
0.346420,1859.998409,1007112.745105,786538.461508,1041626.236483,0.246219,1891.081631,0.930863,0.538407,0.090638,3.540056
0.401259,7952.298370,666378.447916,495756.240888,699617.585968,0.244611,2246.174395,0.542178,2.822909,0.687533,0.139362
0.674915,16.602464,13331944.498586,152805.161784,1525608.460484,0.011203,4189.201363,1.490096,0.518871,0.765642,1.953310
0.634407,1670.303294,75403.374355,45349.529507,82672.050084,0.234514,3885.668319,1.386443,2.199065,0.527157,1.662741
0.962635,699.945192,20304.603485,13161.200662,27800.543167,0.238609,6472.174555,0.938436,1.762564,0.241196,4.566030
0.853332,495.739770,3057995.424232,1819645.620853,3780641.494889,0.233886,5580.809703,0.544970,0.785811,4.704241,2.072386
1.201637,386.227236,802688.608825,583727.711732,1308643.587034,0.243764,8506.175297,0.927601,1.495186,1.377940,2.697927
1.119857,1688.148412,134448.557428,73730.552673,182113.193495,0.228733,7798.251714,0.212432,2.081828,1.484941,2.951904
0.867562,866.906141,1229074.754035,365028.997192,1051756.369561,0.176552,5695.304777,0.550332,1.999835,1.152257,5.397152
0.806798,7379.959107,337346.117221,170032.707945,372398.590500,0.222815,5209.825105,0.599051,2.193265,5.843044,5.466848
1.372563,589.932674,42736.627070,29862.715341,73551.051050,0.242139,10020.967365,0.491385,2.237361,1.810548,0.122359
1.374736,391.369818,1071471.098083,450741.110081,1410797.956986,0.208429,10040.508395,0.921366,1.350255,0.730446,0.816596
1.040369,1121.490580,292296.497403,112023.463686,314371.608653,0.200301,7121.759204,1.484729,1.259649,0.792100,3.627295
1.007980,1492.643693,139740.217885,110257.126892,216675.192027,0.246523,6849.604256,1.424660,2.436958,0.850498,5.915175
1.330179,402.283056,2837039.091804,2348798.619182,5231813.009878,0.247784,9641.198426,0.230386,1.302787,1.892945,1.449473
1.374186,700.424259,176448.189129,33180.736321,148500.003386,0.133230,10035.565906,1.194828,2.702450,1.673280,1.983217
1.070272,159.574597,3878017.417566,1875912.884903,4798748.265244,0.219732,7374.849538,1.446725,0.604958,1.366044,1.536394
1.109751,167.669587,2744681.512875,1881343.913001,4158777.618142,0.241293,7711.586352,1.327443,0.787721,0.082618,3.991063
1.020001,3203.889752,65553.438984,54013.396232,104541.242895,0.247671,6950.368394,0.171042,1.701028,6.241454,4.022058
1.296054,147.748378,1096081.370690,361953.986764,1222717.754886,0.186621,9337.361663,1.494192,1.169493,4.754318,3.655544
1.220111,416.557667,1161936.122169,260163.002858,1009358.582464,0.149475,8667.681825,0.471483,1.011792,4.757520,1.421704
1.433310,58.029087,1688016.312679,392404.900109,1641473.245636,0.153041,10569.743205,1.556130,1.890287,1.278351,1.306300
1.524598,1010.338573,349409.884910,288157.399284,696732.475823,0.247693,11403.777145,1.080045,0.442365,3.935832,0.898182
1.046367,171.852277,3410145.431896,1147905.466699,3426377.050796,0.188417,7172.385098,1.550458,2.366594,3.015104,6.154438
1.009794,435.976470,4472728.191619,2852448.142421,6218163.074555,0.237768,6864.790555,0.573267,1.631816,3.181688,4.565281
1.200186,1555.304346,316898.606518,304120.338447,594590.293451,0.249894,8493.512858,1.437465,2.352037,0.319155,4.716085
1.250199,979.590850,637568.985797,466920.111687,1066229.152885,0.244032,8931.906222,0.827461,1.484603,5.632748,3.444884
1.120900,1690.922336,351261.694437,309132.567448,608169.748190,0.248983,7807.200237,0.531770,0.700591,5.926634,1.425750
1.268225,537.806049,499146.205815,389431.355374,869245.210211,0.246189,9090.900548,0.980006,1.601398,4.240184,4.192519
1.240632,902.704625,951102.628611,226938.250765,864210.386760,0.155530,8847.728387,0.440672,0.808029,3.887272,1.914209
1.309565,145.446149,4898899.041329,2520963.067480,6989563.193072,0.224323,9457.447892,0.950691,0.410453,4.065800,1.323120
0.959594,293.038993,52391.047036,19183.772084,52787.209571,0.196187,6447.017997,1.265873,1.750366,4.390292,1.590547
1.041801,241.009529,21281.248762,7483.072569,21851.881285,0.192473,7133.837198,1.546587,2.501704,0.740067,0.314383
1.376798,87.686788,10603.028524,2157.236731,9341.507522,0.140478,10059.059586,1.136043,1.049336,1.374021,0.404937
0.991781,2875.074818,115638.377076,77850.954513,163881.430443,0.240465,6714.282248,1.037048,2.223217,5.812972,0.362248
1.101761,467.971630,109744.592244,27753.697764,96637.608092,0.161105,7643.197753,1.512628,1.998472,4.554308,5.437743
1.408262,197.461687,4545273.144425,2001073.547939,6220105.640786,0.212239,10342.843968,1.072982,0.983012,2.934273,4.211193
0.916777,529.318494,24224.431728,15237.042404,31888.154957,0.237032,6094.924690,0.989849,1.963755,0.894150,5.728149
0.895869,1107.988396,851491.978285,178241.176928,608102.270803,0.143133,5924.479684,0.515706,1.501355,4.070392,2.487423
1.175506,249.498337,1328981.523347,978036.127507,2154142.802940,0.244215,8278.719597,1.562231,2.442768,1.308983,1.521820
1.204917,351.630030,1177760.885892,208758.318566,890077.051790,0.127894,8534.809297,1.349865,2.652946,0.757975,4.512022
0.992646,1202.002134,58643.144608,49911.311615,93788.648439,0.248382,6721.491095,0.789070,2.542816,4.362850,6.110197
0.847064,835.184901,14716.924641,10228.730076,19663.750296,0.241907,5530.532904,0.187478,1.623716,5.357738,0.734842
1.109598,2474.400151,187055.012983,100435.485862,249338.234561,0.227305,7710.273376,0.740027,1.282784,0.374742,3.323495
1.197359,2054.874499,183521.310328,83613.125830,233416.493646,0.215031,8468.856591,0.164629,2.283361,4.361534,5.398047
1.319668,1581.992108,146951.735754,67570.272598,198284.943634,0.215768,9547.425225,0.625503,0.835320,1.362901,3.739807
1.024197,655.355115,41956.129877,26833.405903,58834.347786,0.237918,6985.603708,1.106636,1.465477,1.780155,5.359240
1.251917,1477.111672,101892.401352,32637.698820,109623.902056,0.183748,8947.033660,0.990290,1.727294,0.162490,4.978457
1.078492,898.322567,799076.072157,257742.177291,796549.074058,0.184405,7444.723655,1.184673,1.201378,3.368070,3.899099
0.972839,527.523376,32634.731395,19941.221402,43550.520543,0.235428,6556.736124,0.800986,1.126925,4.506069,4.041986
1.133367,3173.035360,110471.643340,71584.669562,164386.807252,0.238594,7914.389739,0.637952,0.613480,2.617917,2.792518
1.107261,344.417617,1675276.297806,374196.237080,1379435.789202,0.149246,7690.264731,1.361967,1.781762,2.333245,1.288349
1.062541,733.496471,246539.728827,28047.683166,135063.124896,0.091711,7309.249346,1.192523,1.412507,4.929726,5.092514
1.966499,1062.408297,295596.344183,142283.828062,522740.222225,0.219353,15577.622710,1.307509,1.242595,2.855483,4.968182
1.713768,358.688410,1221932.723255,492504.960538,1796482.724246,0.204746,13164.730827,0.539889,2.677485,4.233346,4.050901
2.195546,952.016643,327725.154302,205173.411334,717455.040724,0.236778,17815.500049,0.505709,1.735081,5.207585,5.087135
1.797711,352.687645,954107.410489,478482.427252,1626508.655251,0.222443,13959.005687,0.934813,2.934904,0.836613,2.069323
1.632129,354.362566,1267864.966809,679097.084816,2105904.055696,0.227138,12399.638965,0.725296,0.980878,5.674598,6.201739
1.934480,1027.764092,55437.261460,50823.838260,135574.465755,0.249529,15268.474922,0.605689,3.045837,0.062894,0.057430
1.812020,107.927402,2079118.570356,1597080.368522,4453097.845557,0.245702,14095.137574,1.201201,0.431225,0.292110,5.916557
1.839296,1392.620058,116335.405730,91847.584980,255146.412889,0.246541,14355.203648,1.077349,1.652806,3.057417,0.616530
1.703521,562.521074,120067.094888,53869.461916,186342.362388,0.213789,13068.297335,1.336028,1.844456,1.936430,2.617422
2.081261,954.728220,240063.686282,125214.440101,460248.454474,0.225286,16693.285578,0.654506,2.010594,1.184422,6.144828
1.815265,628.000454,214730.594750,160652.197731,454247.664221,0.244812,14126.032663,1.542795,1.228724,5.436751,6.223977
2.016821,519.191716,161042.384158,62865.423388,258670.492866,0.201936,16065.388028,1.270467,1.675778,1.006316,0.136438
2.003593,50.135196,1092879.475180,732856.082678,2330816.699757,0.240279,15936.952730,1.510617,0.652089,0.805693,0.027290
2.092445,130.028054,1793921.071360,713707.637190,2984307.032115,0.203609,16802.619409,1.365477,2.561321,0.911335,3.563419
2.044202,729.814632,289103.778321,179509.926802,600337.904580,0.236326,16331.739511,0.482984,2.426274,3.741556,4.077268
1.699823,1313.055525,141442.175286,82159.510806,251525.722544,0.232427,13033.523203,0.887803,1.080296,5.972539,5.104247
1.956069,458.459081,369819.067414,248669.967881,777348.516605,0.240408,15476.815100,1.027314,0.554281,4.487985,2.859691
2.133383,118.214621,340837.791331,258518.555756,808165.093488,0.245284,17203.749056,1.560921,2.339946,2.090837,1.941921
2.226008,237.734227,1173918.218739,730926.446887,2587023.750558,0.236479,18116.407500,1.118056,1.540143,0.247717,0.681967
1.864238,230.061489,802623.959427,603735.301029,1732227.858959,0.245000,14593.658717,1.107055,1.484540,0.850296,5.059123
2.226190,605.874371,115814.846721,97158.125899,297694.668030,0.248082,18118.208770,0.871821,2.087528,4.140587,6.267495
2.021843,823.481778,441569.739173,189057.982022,746919.677064,0.209917,16114.194012,0.718117,0.942265,3.524557,3.497265
1.679145,377.919670,758789.050741,365503.773155,1212350.126440,0.219409,12839.343634,1.210790,1.642825,2.352841,2.542244
1.661710,581.312395,323985.161114,157409.919490,516648.033737,0.220066,12675.997607,1.046275,2.361459,1.944411,4.589886
1.746105,564.158131,458439.496888,197935.406551,707896.926400,0.210621,13469.822355,0.817374,0.201336,5.250604,4.825869
1.942466,217.603792,1262574.468681,800382.322426,2561805.731118,0.237451,15345.492652,1.508269,0.482762,2.884539,1.921785
1.554480,889.631798,483194.405620,467792.157201,1057237.517363,0.249934,11679.108050,0.759447,0.841600,3.569157,5.309293
1.640952,950.859538,289688.055498,138235.149767,453959.171468,0.218684,12481.962340,0.752441,2.314771,2.042848,1.987500
2.027674,471.070870,168366.800232,103380.666272,345695.290135,0.235703,16170.883611,1.488936,1.778747,1.567296,5.542003
1.910864,271.013573,1941744.872701,548252.903984,2518175.596992,0.171702,15041.067855,1.031939,2.619206,0.060078,1.023420
1.959227,117.601340,1871381.757388,697934.599340,2876080.768499,0.197853,15507.328486,1.341758,2.101985,3.170397,3.906810
2.222305,420.577619,30945.936348,17543.982902,64844.840913,0.230903,18079.789679,0.760540,0.701226,4.147016,0.828738
1.774031,125.306834,3105204.845760,1685073.692106,5473494.568898,0.228028,13734.197480,1.468040,0.597072,2.454167,5.366221
2.038236,555.251613,153615.719577,122774.331737,362779.718022,0.246887,16273.653457,1.513055,2.173238,0.983269,2.655052
1.914915,1359.616597,83315.139243,64542.545401,185780.101439,0.245970,15080.041560,1.003675,1.179366,3.306246,3.267199
2.015468,252.241249,630107.279384,572266.038690,1575993.054445,0.249421,16052.242707,0.715451,2.603175,3.790442,1.856271
2.052145,532.707447,351756.787832,48081.483627,317073.929907,0.105792,16409.135231,1.282086,1.520183,0.360416,3.289068
1.724015,714.452558,537845.090720,352171.753717,1027488.129173,0.239120,13261.285554,0.925890,1.321072,2.504415,1.159006
1.915077,437.389365,840709.974310,279726.485214,1195640.249011,0.187329,15081.600072,0.715679,1.236887,6.047122,5.707855
1.627975,780.131829,450336.157839,448735.459169,1028439.465491,0.249999,12360.914522,0.522784,1.860636,3.297283,0.916807
2.267555,27.158842,5881510.938462,2506116.449200,10729738.956255,0.209513,18527.989025,1.460438,1.986442,6.031930,2.015103
2.040736,357.130843,848822.589470,570461.725538,1834809.115697,0.240383,16297.989518,0.906401,1.248151,3.773906,0.650941
2.001453,60.700270,2215567.538938,836390.624482,3476580.264869,0.198947,15916.182529,1.413526,1.698584,1.020453,4.415226
2.043650,860.342691,204671.462231,144555.564366,454389.650999,0.242592,16326.368416,0.831129,1.254703,4.992731,3.555997
1.746838,186.133237,460962.792575,259808.268554,820851.911414,0.230528,13476.748506,1.535510,1.523730,4.463188,3.005341
1.613276,707.567638,565620.593332,251422.429489,844294.146308,0.213029,12224.033776,0.578173,2.025470,3.005672,0.617029
1.740592,350.071768,392590.479362,251295.557658,745688.319765,0.237961,13417.731792,1.558477,0.527663,1.428748,4.366630
1.986063,685.341616,96610.890246,58116.142752,193543.913032,0.234526,15766.987157,0.751901,0.662204,6.219061,4.665756
2.118465,227.069810,684032.260041,357807.751235,1329279.844222,0.225488,17057.413112,1.089930,2.139454,3.213911,3.174524
2.072950,197.011865,1460600.083802,534420.558675,2306824.976343,0.196119,16612.094684,0.516615,0.686820,6.024500,3.633097
1.800453,95.065975,4336833.602645,4100370.868177,10279833.763951,0.249804,13985.077344,0.610137,1.185109,3.204442,1.962835
1.698819,290.883449,1333914.623616,1161359.761296,2922853.248730,0.248804,13024.082204,0.942151,1.684296,1.996461,2.036526
2.082933,390.007960,432235.608920,290452.157364,947220.535112,0.240377,16709.626224,0.749189,1.320744,0.619127,4.734041
1.650297,142.648341,2840933.993189,2482585.920376,6124548.408033,0.248867,12569.254800,0.804128,0.950755,0.093771,1.501849
2.284467,53.288053,3810393.113539,1582485.764170,6891067.129057,0.207333,18695.904498,0.463591,2.597101,2.543692,5.751112
1.915706,773.569198,322633.440262,267700.074522,745313.338696,0.247835,15087.643459,1.292312,2.082323,6.174608,1.085659
1.767926,434.732360,397933.193529,348392.934493,896801.704666,0.248898,13676.328173,0.939723,1.366407,5.056571,4.327962
1.823233,90.082231,2347488.825555,1133780.396405,3958026.614818,0.219613,14201.957801,1.057544,0.586352,5.669303,5.818127
1.686414,580.725530,942254.768458,624160.084052,1785953.648049,0.239690,12907.549351,0.982908,0.890805,3.180830,1.813764
1.990490,891.735801,331777.822539,31692.237057,238083.249321,0.079591,15809.884148,1.021322,0.969906,2.336892,0.813101
2.110491,60.901417,3267078.366063,1852318.476934,6608612.785541,0.230907,16979.271751,0.990941,2.359756,2.923387,4.754566
1.703369,868.172179,91389.089909,49149.614637,156240.910858,0.227417,13066.861852,1.504456,1.278931,3.105874,1.186483
1.741172,108.438255,1616811.011738,968167.829887,2966270.697805,0.234259,13423.207039,1.314642,1.456495,1.300562,1.679685
1.677271,589.443858,49685.576828,34428.960106,96075.061631,0.241775,12821.771083,0.720330,1.209944,4.337507,0.636109
1.788022,1136.088902,244413.149817,118101.188434,407060.054072,0.219649,13866.954572,1.475075,1.382020,2.897526,0.909681
1.581563,1107.092802,320564.733547,166652.391916,514013.618490,0.225052,11929.600205,0.494814,0.479552,5.796500,4.749676
2.053573,533.087331,380628.876741,201286.091465,728493.557531,0.226254,16423.052685,1.277137,2.355781,0.444773,5.481501
1.976201,57.264062,3626512.419454,2756555.984620,8176547.226697,0.245356,15671.484261,1.077154,2.058575,2.211410,5.674488
2.097554,415.730142,362001.103566,249062.246554,806886.128050,0.241460,16852.601041,1.184364,1.595958,0.536104,5.060601
1.699832,45.365139,7800939.871440,4589466.177202,13965774.795864,0.233205,13033.600520,0.240407,1.270765,1.664688,3.170197
1.864963,66.983000,2851783.878073,285950.051006,2016693.363782,0.082828,14600.602113,1.341837,1.690878,1.874200,1.809282
1.999566,111.204930,1615819.345719,843574.033523,3017188.801024,0.225351,15897.884976,1.042795,1.735728,1.404145,4.680125
2.032701,130.870200,1738404.113704,1346074.453963,4032043.418206,0.245955,16219.788758,0.969109,2.331997,4.353506,3.426172
1.874829,342.068367,687808.183370,633671.947203,1651957.791486,0.249580,14695.101190,1.405660,1.835486,5.965498,4.587272
1.961516,503.592155,210679.760522,203068.057493,533243.545253,0.249915,15529.448214,1.157048,0.745489,0.758762,2.734424
1.815195,697.007640,64070.479437,48178.482112,135887.220341,0.244989,14125.366703,0.409792,2.060525,1.622726,4.502705
2.080709,617.145248,155380.769114,130298.093324,381308.272044,0.248073,16687.886270,1.565439,1.790057,2.026720,5.314667
1.829058,594.406875,890785.583715,232497.970478,1074630.894677,0.164140,14257.494351,0.684443,0.672244,3.194814,1.186984
1.997121,721.262225,184434.465135,95926.124721,343422.116770,0.225084,15874.166053,1.377116,1.825875,3.560639,2.375162
2.026982,768.201846,178810.525236,121357.615795,386734.582817,0.240841,16164.156757,1.146956,2.252623,2.931103,0.081440
1.921426,591.532624,426441.648580,56607.848163,361774.786032,0.103455,15142.703577,0.897965,1.109682,0.266808,0.983002
2.068006,139.322843,3082416.597885,1900864.683510,6427745.738363,0.235946,16563.835869,0.687736,2.368691,0.742353,1.856393
1.976145,95.346992,5471362.573052,1847494.437202,8008894.734960,0.188709,15670.940351,0.528353,2.571243,0.100364,1.451696
1.747101,237.418154,523579.501099,247736.277774,849594.296408,0.218026,13479.242269,1.326662,1.593087,1.290202,3.561261
1.841224,159.795550,2031175.118246,1481071.929350,4279397.243386,0.243867,14373.612837,0.665421,0.869478,0.544111,1.743689
1.941287,696.767269,363224.988947,66904.401549,374279.339527,0.131351,15334.115743,0.493113,0.441447,0.386045,5.761652
2.238483,604.474642,700628.571651,201318.340237,1020770.471112,0.173384,18239.847787,0.302272,1.846235,5.650428,5.708983
1.702414,458.403398,559800.770424,245046.401269,856995.019240,0.211765,13057.883804,1.275817,2.447788,5.344535,6.164071
2.961699,64.418319,1553156.018417,842605.628353,3909276.932127,0.228009,25579.599012,1.377666,2.475008,4.441285,1.023810
2.747073,60.287859,2618401.426354,2101076.112379,7641879.024584,0.246996,23366.969601,1.031526,1.375689,2.072009,3.763398
2.506617,280.689670,33748.015133,3923.191277,31828.716004,0.093297,20921.041203,0.395790,2.399207,0.821012,2.251557
2.493718,83.896240,8681.133759,4711.304872,19272.877346,0.228033,20790.891618,0.835478,2.356968,2.423475,3.056295
2.713441,197.318207,11530.676498,5332.911687,24984.921063,0.216232,23022.681229,1.010603,1.129974,2.956564,0.577044
2.407143,185.315083,1338523.232445,441730.354337,2214949.932395,0.186560,19920.322573,0.596028,2.125565,4.539947,1.792446
2.535723,353.859834,63166.487672,56899.700358,184481.207934,0.249319,21215.123299,1.173567,1.249954,4.301224,0.600992
2.815837,149.925803,554270.716008,511373.660244,1768249.289886,0.249595,24072.992187,1.129858,2.332678,4.592875,4.778886
2.575515,88.871806,15764.974971,6320.392394,30449.493578,0.204281,21618.086518,1.446855,1.916241,1.020645,0.480737
2.826989,210.785260,310960.279773,161545.788410,738883.658769,0.225002,24187.757128,1.429328,1.560323,1.971772,4.864815
2.484769,94.915555,19118.146034,9921.988734,41342.897593,0.224930,20700.655200,1.456883,2.486194,3.186629,1.627959
2.487840,1968.335067,166086.454598,101825.935833,392530.640514,0.235617,20731.616542,0.541822,1.201932,2.772249,4.832787
2.410109,409.940741,283245.542320,211278.641647,724672.742760,0.244705,19950.055690,1.112506,1.021323,5.907824,3.683865
2.734994,111.896146,23502.166754,18163.444077,67068.418649,0.245896,23243.246111,1.311406,1.846226,1.821950,6.034561
2.635501,143.305460,2142230.176935,630983.731882,3552205.811329,0.175759,22227.489309,0.992992,1.433575,2.367921,4.304690
2.594290,200.568238,847820.548099,130038.551782,961575.820061,0.115298,21808.579359,0.829916,1.722629,0.629412,3.166305
2.623699,306.773115,452756.546893,108470.254951,666852.394019,0.155919,22107.416808,0.533857,1.940971,2.123260,1.098215
2.756270,236.543746,1701144.766156,975167.307844,4179666.587564,0.231604,23461.233032,0.319302,1.446955,3.455496,0.820102
2.621094,1309.604160,230002.772568,119181.677353,516409.718619,0.224819,22080.924765,0.501445,2.411735,5.227657,0.087464
2.830898,294.483557,888035.636715,501052.754704,2206697.908487,0.230597,24227.998094,0.742624,1.664844,2.854231,4.754672
2.864996,313.056928,619420.565539,351003.495904,1556449.358774,0.230873,24579.417997,0.218841,2.708788,4.684530,1.439047
2.639392,249.567214,496218.300123,178652.338063,920012.190313,0.194644,22267.099131,0.279322,2.397522,2.658904,1.720734
2.512124,426.517579,356112.346112,180122.394025,765581.947588,0.223072,20976.634200,1.059206,1.618014,0.343734,5.048583
2.757295,388.564898,319536.544326,190723.395390,802179.807101,0.234068,23471.749112,0.748280,1.120984,5.674816,2.944006
2.713357,252.715598,21971.565479,18928.188652,65887.741930,0.248616,23021.829317,1.084685,0.070141,2.695512,0.352701
2.735343,388.608166,182086.283570,27344.717754,212037.533712,0.113519,23246.819667,1.374718,2.813946,5.298461,4.401130
2.641229,14.336595,5173558.541904,757172.149306,5786511.073367,0.111370,22285.808480,1.051516,2.846900,2.862736,2.330151
2.846965,319.633698,596665.021425,444434.357119,1720849.023704,0.244655,24393.510021,0.346292,0.695986,4.088386,0.212336
2.756756,30.554339,784110.269200,17404.543320,298575.769902,0.021243,23466.222353,1.430386,0.842605,1.167564,3.272311
2.710678,54.039192,1615829.500778,580896.927469,3052072.832653,0.194510,22994.436764,1.277105,1.624595,4.128452,0.410131
2.612077,384.525392,51893.231158,39572.562832,142235.558717,0.245464,21989.250477,1.491281,1.787214,3.104127,0.517743
2.567725,98.691588,989765.376445,578968.591697,2334500.117195,0.232857,21539.119808,1.320616,1.617299,4.878625,2.058740
2.535854,545.983609,208133.756769,102758.332212,444701.082998,0.221279,21216.451124,0.843050,2.359932,1.621987,1.205962
3.009811,352.224605,225691.762724,161546.167107,664684.723456,0.243140,26079.115198,0.928377,1.911059,1.164573,0.990000
2.585744,99.649683,750742.353236,559710.303770,2019145.047956,0.244687,21721.838614,1.445357,2.109410,4.522727,4.616474
2.468992,355.173374,33784.638043,16058.360687,69396.055030,0.218380,20541.725223,0.309334,0.630650,1.041332,4.342682
2.688832,267.430237,15274.394143,9674.845829,38836.692659,0.237407,22771.203507,0.305076,0.888605,1.586378,0.948690
2.656958,327.680685,107294.248986,26877.871624,163519.784438,0.160194,22446.034295,1.077407,1.439476,4.890743,4.936645
2.737514,649.299842,195989.267280,98668.069740,447264.767690,0.222728,23269.044489,0.924911,2.658120,4.404077,2.955836
2.645749,477.311246,56087.634634,53715.895997,174198.907042,0.249883,22331.829891,0.647063,1.104905,4.627850,4.281729
2.609146,481.864331,66719.504672,57257.226424,194082.456755,0.248544,21959.464571,1.546510,2.783515,5.566106,2.463266
2.876850,104.747803,861742.881809,759540.790111,2729382.675529,0.249007,24701.734299,1.328938,0.991462,5.981257,0.021484
2.817497,228.853290,387358.033884,304386.319071,1139494.275804,0.246403,24090.069025,0.965634,1.903400,3.526795,3.827702
2.440642,131.460468,26742.004352,15672.398223,60888.381258,0.232971,20256.553393,1.373544,1.009157,1.186664,0.826755
2.554315,1634.017620,214979.203924,112722.500767,476765.070950,0.225657,21403.270617,0.364494,1.663798,0.129841,5.784992
2.433166,1120.934019,219044.873968,93308.251005,419795.275629,0.209489,20181.452067,0.845014,1.617993,0.370807,0.365091
2.463432,79.847452,1759787.030995,1226362.237866,4415010.244671,0.242023,20485.754084,1.177726,1.787521,4.041970,0.966939
2.389076,251.603834,436314.201022,199461.429108,857463.142593,0.215303,19739.304964,0.655790,1.015176,1.039664,2.186014
2.633096,167.421401,13442.886286,5900.975013,27708.819431,0.211997,22203.016886,0.167647,0.890529,5.624836,6.146220
2.921628,86.501946,1699548.013110,1561474.040682,5560534.696104,0.249552,25164.518991,0.991275,1.864729,3.434276,0.482470
2.728080,698.911545,161801.024566,110921.899078,433251.412185,0.241299,23172.455148,0.836107,1.191165,1.531673,1.958511
2.615220,123.226801,463184.526747,403113.605636,1359283.661590,0.248798,22021.193090,1.476047,1.995937,2.407038,0.430759
2.835562,196.329128,624435.874670,234519.582349,1248633.669414,0.198484,24276.028386,1.332878,2.183231,0.253558,2.741799
2.795255,437.812132,505157.735428,248018.405298,1155069.827525,0.220860,23861.384413,0.487504,2.715634,5.995900,1.543254
2.889321,324.500493,14211.312069,13353.579012,46638.187577,0.249758,24830.515827,0.921240,0.791058,3.055434,0.019691
2.929895,31.056501,3714650.601356,1967286.944235,9156996.435061,0.226356,25250.080476,0.938656,1.266945,6.188762,3.996742
2.829466,313.532771,413564.836634,275388.274960,1120453.071885,0.239944,24213.253937,1.035734,2.256716,0.394766,1.667329
2.613236,79.308583,342959.987584,250604.660318,919903.409141,0.243948,22001.026546,1.462058,1.178445,4.455871,5.175972
2.483181,616.713139,280238.037237,168006.241025,653709.280641,0.234327,20684.659741,1.309695,1.843391,0.049683,4.975465
2.631072,405.283603,78574.499094,30007.902460,150104.376969,0.199985,22182.422558,1.220155,1.944547,4.937930,1.625633
2.415283,302.047801,417210.310793,186900.794839,817302.993844,0.213665,20001.953980,1.025341,1.108210,6.206655,5.286381
2.443407,94.402877,1023401.408548,938705.748165,2937576.079872,0.249534,20284.345567,1.233668,0.834691,0.436909,2.199506
2.644025,239.731928,339204.755629,213238.301793,848633.418065,0.237002,22314.276193,0.748107,0.686647,0.022490,3.612066
2.654098,159.606304,467559.099262,115471.432629,706364.027730,0.158829,22416.888712,1.295570,2.975472,4.163534,2.640183
2.557593,539.185901,299625.826478,279978.945145,896917.737659,0.249713,21436.463167,0.820528,0.773802,2.228950,4.106922
2.457449,700.465239,84658.816599,45880.560254,185860.916686,0.227939,20425.551579,0.494400,2.752262,3.896248,5.443738
2.632296,116.495777,971737.746651,553528.941753,2301048.403445,0.231205,22194.878461,1.379104,1.713018,2.115877,1.834783
2.568002,299.766216,16882.235522,4379.661043,25599.233033,0.163556,21541.923859,0.557774,1.853897,6.213457,0.540216
2.587352,598.558897,408220.335887,247316.178261,986149.895314,0.234938,21738.158880,0.317634,0.544224,3.341650,0.645585
2.825639,532.764381,30170.919111,11624.039831,61016.399387,0.200770,24173.860941,0.444245,2.573529,5.769424,6.064470
2.669574,46.456969,2679441.678962,1184684.802628,5600073.316055,0.212591,22574.668385,1.001038,0.339952,5.890370,4.205729
2.660167,420.514305,831952.662193,628141.794902,2298891.624709,0.245129,22478.743377,0.654460,1.030489,2.711131,4.068126
2.446681,26.872252,4318.974908,1963.332819,8606.012171,0.214850,20317.249944,1.374149,0.158759,5.841430,4.288399
2.555916,747.857495,79607.617783,50072.151764,194405.039898,0.237032,21419.476956,1.010009,1.836917,5.168889,2.296146
2.370905,139.930258,9820.372174,5532.377040,21455.225146,0.230498,19557.486723,0.912493,1.191057,3.948345,0.969737
2.615307,406.807961,80318.429878,26238.489882,140243.021788,0.185605,22022.080928,0.809202,0.359612,5.347298,3.889533
2.941852,19.810941,4133065.328195,1955111.577148,9622085.147391,0.218006,25373.905430,1.463882,1.870227,5.464474,3.018687
2.703165,1165.246745,193999.582289,140903.211324,531645.741320,0.243716,22917.630976,0.790128,1.637427,2.937887,0.143435
2.377181,462.214776,611941.008640,201610.765172,1002793.015824,0.186403,19620.262906,0.511148,1.762798,2.798362,0.393623
2.484644,35.179066,6636.429770,2716.600154,12634.093321,0.206089,20699.399719,1.463975,0.669338,6.114451,0.117830
2.834827,243.103779,2010755.154989,1105566.691222,4933825.152442,0.228907,24268.456024,0.052288,0.954117,2.975376,0.574082
2.709656,551.853090,143301.244450,18396.731376,151421.338315,0.100828,22983.981002,1.232830,0.787688,2.951506,0.602756
2.609245,674.453398,116061.844873,55154.261813,248009.675204,0.218363,21960.475772,0.223781,0.669371,0.402416,5.008777
2.685472,1033.436395,119133.716619,73625.332292,298763.361436,0.236065,22736.896349,1.126368,0.828852,2.745648,3.652859
2.336519,1142.703176,166385.223265,34842.852095,209166.875939,0.143170,19214.076926,0.713962,2.281839,0.535925,4.366915
2.332961,142.610209,649953.357962,307035.227338,1278471.658751,0.217900,19178.595707,1.393623,1.819309,1.079965,3.510286
2.465377,595.707816,29676.524831,15243.456955,63468.819712,0.224191,20505.324656,0.662357,1.663768,6.022517,5.588341
2.699414,84.544634,579923.747472,279203.149112,1279075.500597,0.219370,22879.295685,1.508264,0.950876,4.552935,1.486214
2.680290,1811.138077,189941.798552,145637.277678,531935.498340,0.245642,22684.003049,0.030148,2.019822,0.170039,5.081767
2.725459,727.027488,81122.032202,74853.369254,252684.510371,0.249596,23145.629493,1.015690,0.932604,1.750725,3.495434
2.792384,54.037163,2399612.640882,1365960.489710,5930531.663373,0.231162,23831.880011,0.743734,2.111279,1.524415,0.405622
2.556593,168.385819,730941.242635,336435.157405,1513007.167023,0.215848,21426.340396,0.681768,2.026592,1.704436,4.179252
2.545406,22.216379,4158.626274,529.982689,4182.001230,0.100259,21313.086391,0.874556,2.364486,1.374030,2.956682
3.791476,83.832668,937051.789810,141043.698256,1401548.918150,0.113711,34351.802174,0.976907,1.869051,3.522824,2.674192
3.609919,80.358349,694153.313015,278280.427482,1728558.764255,0.204276,32406.061407,1.050775,1.899855,4.573117,2.000035
3.155017,130.337765,646350.841116,404500.852763,1839489.062747,0.236758,27594.103107,1.081596,2.219751,1.074237,5.670126
3.290745,212.654085,359968.158770,78637.432694,596010.514811,0.147145,29019.772020,1.182852,2.800198,5.503248,3.128596
3.270595,249.396915,372513.227828,319476.300236,1281789.299624,0.248531,28807.548732,0.785094,1.184210,1.871974,0.266062
3.706797,559.042430,136950.878511,63293.990563,375984.212591,0.216175,33442.628796,0.648904,0.395893,1.153107,5.663442
3.267178,85.423505,1055472.008666,748379.500808,3291863.018683,0.242754,28771.584428,1.188208,0.371135,1.354159,5.534236
3.522164,578.368172,138485.015565,70411.347204,384403.561009,0.223452,31470.520147,1.309971,1.212314,3.268797,5.852400
3.435064,156.292231,148791.950037,124253.793836,524549.209352,0.247981,30545.273513,1.406376,1.455603,4.540447,5.236742
3.198048,137.001199,250576.255385,186394.364430,788098.679349,0.244607,28045.119231,1.133601,0.968500,5.032443,0.168626
3.513909,128.989234,1669215.513019,1470501.269905,6154055.380797,0.248999,31382.685842,0.460366,2.438121,5.477189,2.153030
3.663572,31.319580,1388011.231984,1154301.473373,5134524.420233,0.247887,32979.648789,1.257393,0.386737,5.535813,2.465769
3.412148,503.571320,56305.346163,17135.003877,115378.110568,0.178881,30302.406818,0.526188,1.871818,3.227366,5.077261
3.322698,19.331430,2659727.969733,1951058.496029,8551935.927365,0.244094,29356.697153,1.141327,0.631999,0.092557,5.632627
3.257600,188.775393,34360.424493,12445.913741,74774.776286,0.195198,28670.795940,1.205000,1.618525,1.983775,3.682899
3.604897,92.255709,917349.090433,293567.811478,2017171.755343,0.183660,32352.430168,1.438112,1.693953,5.486586,0.163081
3.505244,199.560298,285760.490308,156637.388371,822421.104809,0.228703,31290.516908,0.564621,1.224304,4.868053,6.191740
3.200122,65.977601,700373.767418,234144.615902,1438907.044972,0.187775,28066.874653,1.535309,0.225592,0.639795,1.837771
3.429157,53.183675,905144.145100,524237.122017,2636567.015029,0.232247,30482.655158,1.303798,1.353061,1.300706,4.830148
3.438808,104.260552,992517.087190,726682.830937,3273790.264945,0.244023,30584.982569,0.785406,0.408375,0.927314,5.729575
3.418666,47.336227,2870664.211386,1072692.102667,6594660.845083,0.198027,30371.463357,1.104151,2.243494,0.486366,3.287066
3.284516,125.896936,295082.111391,146876.277595,767294.669648,0.221887,28954.144227,1.511146,0.723942,5.704721,0.452675
3.592341,168.860699,364711.888646,203775.193163,1080813.546441,0.229964,32218.403434,0.913398,1.602037,0.736393,6.189564
3.329095,288.579302,308078.197692,67532.258539,515647.456658,0.147468,29424.197803,1.353142,1.462810,3.190149,2.072846
3.377860,133.692436,1011631.352014,678365.879794,3144680.065970,0.240278,29939.463730,0.937061,1.199409,5.817348,5.658567
3.200284,141.299443,586810.189027,327862.626472,1590520.234412,0.229963,28068.573079,1.222335,1.902844,3.269272,3.540497
3.332793,90.335465,605974.726611,380915.803531,1802537.435390,0.236998,29463.242329,0.983160,2.647624,3.542830,6.225592
3.249574,85.845371,639591.701257,304638.228657,1611172.962017,0.218540,28586.368324,1.287209,2.188562,3.094129,2.722922
3.362430,154.264925,312177.410717,208242.459161,964362.151961,0.240029,29776.306293,1.181881,1.490463,0.617694,4.412206
3.332977,449.196365,190804.995462,116376.985927,558703.448507,0.235324,29465.180676,1.063900,1.014990,1.684856,4.507528
3.459534,78.628323,1988657.947693,1477019.689790,6638953.817990,0.244551,30804.873345,0.754774,1.169397,2.063764,4.596464
3.234727,338.596894,294670.526854,166772.739253,810734.772144,0.230794,28430.275699,0.387986,2.176996,4.642871,0.988244
3.489441,181.445774,101030.389257,42702.000453,252128.260507,0.208829,31122.522143,1.452969,0.825742,5.695218,0.814053
3.417975,118.611544,604913.685891,225518.867487,1387676.235721,0.197819,30364.140265,1.231822,1.893685,2.471928,3.903598
3.632996,263.985593,318288.705552,184385.072200,969913.293601,0.232260,32652.626750,1.088676,0.863148,2.692455,3.701049
3.369881,725.208358,195887.593355,176849.946021,707874.154405,0.249348,29855.073048,0.615277,1.975800,0.370687,6.169833
3.603285,101.745024,1195161.674735,477293.914343,2965681.237838,0.203940,32335.219594,1.286453,1.369080,2.411888,0.424404
3.516147,327.454440,305030.721400,256492.174819,1098867.261551,0.248132,31406.499026,0.882885,1.788638,5.950676,1.803169
3.324848,124.876174,520850.843862,464762.621380,1851809.195558,0.249190,29379.377887,1.163687,0.698952,1.508202,2.979727
3.523683,74.208765,1146417.277738,877189.303508,3942108.607373,0.245575,31486.685873,0.733677,1.285368,4.665859,5.675261
3.687389,69.199493,866943.851135,717244.423306,3214877.993171,0.247768,33234.650228,0.991256,2.618383,3.828607,5.938600
3.336709,133.068453,718199.563030,451758.679471,2139031.497293,0.237034,29504.578831,1.538705,0.725631,3.120827,1.733528
3.112572,37.703888,70452.272943,29119.535036,159123.360383,0.206922,27150.138889,1.485556,1.248216,4.624610,0.235797
3.352890,258.831721,201887.668392,125859.529938,600713.582823,0.236547,29675.488059,0.990545,0.978579,0.749899,2.992316
3.551860,796.143385,110019.560389,72141.641344,351472.429432,0.239191,31786.731877,0.046312,1.983859,2.242216,3.525205
3.316290,841.269991,248375.853237,99013.374787,577336.873847,0.203784,29289.087673,0.159565,1.649915,3.309727,4.226219
3.373386,170.696323,275817.544213,68716.252210,501164.448970,0.159668,29892.141647,1.481976,0.474400,0.753221,0.517693
3.564754,157.489359,565460.908011,137873.380556,1059533.758050,0.157601,31924.148382,1.061562,0.395055,2.487688,0.985607
3.534163,71.004926,741312.151866,439567.205069,2238060.848842,0.233677,31598.245983,1.284482,2.329853,2.073055,4.062040
3.540411,180.258983,301733.272342,184311.794327,926543.237606,0.235409,31664.778561,1.479040,1.320486,2.511860,0.148183
3.384083,256.835138,167817.660601,121336.581255,543188.428499,0.243540,30005.293044,1.402767,2.526072,3.265201,5.152756
3.273709,202.321622,480781.570858,279780.610943,1354681.798819,0.232539,28840.341386,1.133868,1.892314,5.342909,6.086191
3.455567,599.476181,187150.878580,90249.599426,497581.024282,0.219494,30762.770183,0.713995,1.841953,0.840224,6.265361
3.509705,266.654848,494052.003208,201098.713559,1213504.814063,0.205600,31337.964509,0.935037,1.219325,2.781637,3.891558
3.591197,33.211295,2431490.731564,1498252.922387,7584512.797530,0.235901,32206.186204,0.582936,1.371093,1.012389,4.248232
3.201949,1300.536315,147921.566354,70702.525205,369139.887730,0.218812,28086.043324,0.594141,0.699171,2.910517,4.602285
3.560434,49.529154,1508956.082879,509043.274446,3382834.634781,0.188621,31878.104713,1.268234,0.564955,1.326274,5.505099
3.539815,193.689478,1196901.797352,694188.369524,3576162.331599,0.232333,31658.428138,0.736215,1.925151,0.106171,5.717918
3.451950,573.373064,168664.818312,56795.168970,368755.002865,0.188450,30724.389481,1.289400,2.357130,6.080223,1.189070
3.226511,15.571571,2347755.029994,1948715.828728,7863219.532983,0.247844,28343.944357,1.557519,1.891587,1.100100,4.220214
3.620458,136.666366,190056.073325,152976.471252,685049.265763,0.247079,32518.634820,1.262803,1.531685,1.416252,4.673062
3.435259,301.279525,89755.880023,52155.985231,262262.084333,0.232450,30547.347120,1.181611,1.709280,4.707925,6.210142
3.351507,123.020333,1426286.582672,658327.984431,3617628.800803,0.216072,29660.874110,0.837798,1.271481,3.824837,1.953011
3.225888,33.170675,593543.361003,6043.597787,159660.077911,0.009978,28337.398405,1.318049,0.282170,3.568370,2.040987
3.485833,392.271298,118051.809621,78170.936940,373563.109842,0.239673,31084.173069,1.348135,1.727795,0.657475,6.281023
3.120000,25.570826,3488399.937669,2679712.172527,10947008.138552,0.245703,27227.766729,1.128196,0.949109,3.527745,2.576757
3.245034,1429.736747,134291.922019,83000.885586,387928.482565,0.236071,28538.626851,0.223145,1.567068,2.988504,0.507452
3.277231,153.198532,338020.476845,323457.663575,1231163.853666,0.249879,28877.419727,1.388423,1.400404,0.120522,2.577438
3.139377,287.753051,378508.620931,99926.147135,672393.244983,0.165238,27430.398515,0.770745,1.000083,1.776191,5.640381
3.689207,83.331543,883850.286173,874496.902800,3588894.048888,0.249993,33254.125018,0.840886,1.141142,4.340671,5.263157
3.357032,86.401328,1144882.515909,650692.142167,3248118.806807,0.231063,29719.249611,0.994554,2.591105,1.435790,1.147254
3.395796,102.146534,373475.924517,302266.693166,1284319.171546,0.247224,30129.245616,1.338821,1.513059,4.979068,5.282569
3.347678,197.051149,48167.018077,7157.546194,64890.644838,0.112636,29620.419462,1.319878,1.351565,3.412563,3.493395
3.580572,426.325791,123391.336652,33580.374689,246704.753734,0.168162,32092.825151,0.270950,2.674032,2.638401,1.689163
3.379943,46.345131,1309803.507134,359646.591305,2516535.195835,0.169019,29961.491975,1.569020,2.054210,3.498784,2.602354
3.295927,580.537588,231520.011340,82687.747381,504465.347356,0.193908,29074.380521,1.192365,2.135199,5.728040,2.513949
3.309532,372.751917,26696.940652,21754.229424,90317.600513,0.247398,29217.810354,0.729980,1.230542,5.673628,1.492152
3.363099,227.376471,289706.317576,138946.372719,752067.932310,0.219076,29783.378068,1.464192,1.658603,0.074345,3.067630
3.536691,127.780946,408314.145218,96920.036186,749006.336650,0.155032,31625.165011,0.934009,0.915932,5.833475,5.731321
3.543991,169.363066,1259272.817499,438555.730364,2862499.992885,0.191583,31702.906993,0.881655,2.310532,6.262875,1.960423
3.661190,102.210486,436404.837817,185689.927165,1134833.699638,0.209394,32954.157215,1.521114,1.449446,0.419364,3.866972
3.453299,104.327892,768669.615978,259839.729270,1684641.153267,0.188812,30738.708194,1.208350,2.870551,0.970901,5.744792
3.092366,135.110382,528938.188608,258707.662538,1301478.035194,0.220573,26939.111472,0.860799,1.126223,5.035401,0.145544
3.558206,337.164584,26579.821727,19358.235601,89786.312473,0.243822,31854.358194,1.168298,1.910209,6.052537,1.198890
3.738155,283.871882,899172.069375,382031.470400,2374930.196810,0.209269,33778.975498,0.293951,1.878843,6.118230,5.850106
3.638188,30.782613,1644590.703329,1128915.045408,5482441.139816,0.241358,32708.124686,1.204212,1.734687,1.325480,0.158575
3.474907,164.210159,1018365.637920,117345.248192,1219416.402488,0.092647,30968.106096,0.821988,0.916899,3.141198,5.353784
3.700380,159.798728,246133.544274,148552.126955,777521.694724,0.234718,33373.845639,1.080726,2.201871,4.497251,0.237373
3.440715,58.333131,649080.883400,384034.353148,1917010.643515,0.233545,30605.207876,1.501824,1.650658,4.533220,3.865828
3.169487,66.790011,1564278.090042,1034565.568147,4598009.040766,0.239614,27745.663511,0.887166,0.800412,0.180001,2.402618
3.250012,49.268055,336459.458170,278959.596747,1132505.599838,0.247818,28590.971987,1.394323,0.811428,0.386495,1.725245
3.209299,761.414442,58799.842045,32850.131755,159709.678161,0.229958,28163.187249,0.899710,2.148325,0.049264,5.048729
3.520392,304.373762,459188.930744,415253.955523,1717959.565768,0.249369,31451.664499,0.284300,1.967214,0.591539,4.168651
3.120007,200.686632,47534.588534,23237.986388,117719.890887,0.220535,27227.833153,1.028589,2.525882,3.863781,4.540251
3.564411,662.009742,96739.654795,73430.755606,334270.046750,0.245310,31920.496113,1.048509,2.799085,0.040911,5.215677
3.789173,148.106676,365861.659649,249388.639315,1254776.149404,0.241040,34327.030071,0.311498,0.675676,0.281565,2.595444
3.367115,100.803505,348700.041688,216870.337121,1039653.486992,0.236417,29825.835304,1.192439,0.722533,0.399004,1.277299
3.161172,691.393207,182953.526640,61203.901454,372523.478527,0.187837,27658.558344,0.742351,3.080709,0.349046,2.407904
3.777092,338.732433,197031.258273,75120.221619,494739.579022,0.199835,34197.159764,1.566948,2.139845,0.407558,1.615568
3.386037,227.049646,89078.165909,65279.509672,290466.142765,0.244057,30025.965310,1.543218,1.814249,1.983035,3.014281
3.230756,141.780514,1436447.695860,859849.303855,4066676.469404,0.234237,28388.542125,0.588886,1.863462,3.419922,2.342792
3.709157,834.868864,181857.207358,50034.259754,376084.119651,0.169211,33467.921437,0.102041,0.721947,1.892146,3.779471
3.145699,1045.255978,225592.033687,25386.948553,246848.705836,0.090920,27496.557733,0.148882,2.164609,5.899301,3.829468
3.470475,131.395757,345454.346715,234774.211295,1104227.261264,0.240903,30921.032344,1.201309,1.761776,0.863783,5.532197
3.552552,532.002898,159521.923815,132452.903700,575592.211689,0.247851,31794.101682,1.187045,0.547445,2.441953,6.038648
3.530906,70.599172,593528.831598,542994.529548,2238781.757990,0.249506,31563.569467,1.054965,0.645667,0.574040,4.990058
3.726494,235.064432,458830.833089,258029.820346,1404253.817770,0.230384,33653.842585,0.516110,2.869273,5.116475,3.075626
3.816748,123.710397,461747.614011,320256.298617,1607139.428910,0.241816,34623.693268,1.414815,1.995585,5.357079,3.035370
3.538031,41.708591,2864151.721105,2114765.025804,9700527.022421,0.244337,31639.425091,0.768080,0.760046,2.707415,5.895335
3.383194,94.079858,795593.035970,458677.425607,2287870.766073,0.231962,29995.890154,1.365801,2.932267,5.258750,1.362206
3.778834,242.531589,114875.551550,85005.303425,410177.545805,0.244417,34215.883632,1.298638,2.178323,1.752381,5.657081
3.234521,468.143066,31318.975400,14069.479307,76184.482918,0.213892,28428.108894,0.582695,2.699635,5.713844,0.098126
3.488636,89.783925,1217439.959126,281200.812332,2175972.344578,0.152430,31113.964646,1.470358,0.965452,3.332928,2.333470
3.748626,292.361685,268542.503615,79521.712535,583358.294914,0.176271,33891.374831,0.677087,2.063972,3.501144,3.947068
3.733498,25.552806,2200807.336860,965628.009537,5908853.814284,0.211958,33728.999500,1.295567,0.958790,0.095004,5.544250
3.157525,177.080607,359704.332933,107834.314305,688799.729574,0.177447,27620.362289,0.829579,1.432900,0.985127,4.750001
3.557733,327.526164,40460.794331,32010.337993,142597.094221,0.246601,31849.316742,1.450324,2.369610,5.557942,3.097088
3.253504,728.551178,164234.093193,144791.929129,570784.823525,0.249010,28627.702906,0.813322,1.346168,5.611914,4.733546
3.161893,93.614544,856601.780965,458513.523297,2248934.566746,0.227093,27666.106632,1.512070,2.530224,4.922005,2.537800
3.491936,76.809005,1235655.618197,287616.861258,2219755.152356,0.153164,31149.030297,0.764448,0.572949,0.822902,4.846432
3.320011,29.562250,492385.833907,1051.955440,53139.819429,0.002127,29328.338622,0.816954,0.754727,3.766811,1.835643
4.439442,157.515538,802419.221980,504307.682128,2996232.877570,0.236988,41397.261288,0.856449,0.767844,2.871206,4.015009
4.009843,715.203380,129276.406643,84621.071840,454131.559952,0.239104,36709.249652,0.328344,1.131738,1.727129,5.266657
4.476922,223.610614,99411.097859,80985.817490,427363.101456,0.247392,41809.191227,1.095446,0.395540,0.028705,5.530278
4.037886,75.301872,271580.334454,222489.757909,1076999.721402,0.247532,37013.286667,1.527288,0.544766,4.796582,5.990757
4.249825,352.618397,149608.229297,72968.043563,471521.985600,0.220359,39320.246428,0.490361,2.178028,1.837803,3.681420
4.125156,229.322811,689953.365898,476193.029766,2548696.408525,0.241600,37961.300025,0.544031,1.954575,0.194679,6.082498
4.243754,520.010621,104472.637640,101939.492621,471088.225176,0.249962,39253.943332,0.800217,0.465978,1.523455,0.086725
4.231487,66.455588,10979.383193,6723.154931,38896.332705,0.235548,39120.016058,1.569322,1.403766,0.262585,3.218687
4.374881,233.147012,205193.691772,137963.826787,784201.607322,0.240404,40688.744957,1.250292,1.444806,3.021439,2.713406
4.278442,122.104756,549055.563920,413767.335201,2185848.043374,0.245064,39632.941280,0.540361,1.574199,0.899123,4.576296
4.102573,117.541374,525565.917002,107035.313145,994616.739570,0.140571,37715.720234,0.861860,1.982021,2.492224,6.190349
4.119485,72.229513,193404.275569,187446.407532,848557.400219,0.249939,37899.614875,1.521091,2.658739,4.140202,3.608497
3.973322,245.647067,327684.443260,255612.905023,1251099.239203,0.246183,36313.719341,0.691948,0.620471,2.028246,5.192073
4.532315,227.545428,539737.750320,276586.924493,1840530.308421,0.224021,42418.827822,0.211103,1.498087,3.360237,4.925940
3.925669,60.306982,832457.370903,39469.951852,652148.279523,0.043218,35798.375772,1.221002,1.551113,6.145284,0.039372
4.185898,311.703151,74839.046795,39476.223339,242930.166996,0.226076,38622.744700,1.310251,2.800173,0.809516,1.223659
4.178043,352.267433,67536.814621,47691.798730,255061.072244,0.242585,38537.137641,1.044516,0.916743,4.257739,1.183183
4.095133,88.540529,762435.897129,627560.026113,3065264.657068,0.247646,37634.855136,1.304272,1.304695,3.634595,5.691567
4.368127,242.736643,140734.125895,75270.750480,476371.126740,0.227038,40614.692464,1.369053,1.840507,0.961240,3.513593
4.154358,96.573506,768843.398071,578894.094912,2987553.622535,0.245034,38279.129783,1.136832,0.219072,3.228537,6.109598
4.422997,426.467358,54027.684766,30942.967352,191554.603126,0.231548,41216.658164,0.907121,1.423798,2.094391,0.539743
4.064354,153.381251,168270.640622,9970.103150,154577.927692,0.052807,37300.525805,1.465514,0.685167,3.944241,0.380122
4.202079,154.614744,69548.666519,16189.785181,144697.080520,0.153172,38799.161535,1.051154,2.142226,4.023808,3.641037
4.010161,527.557634,86563.959590,49019.642296,281860.740882,0.230830,36712.691418,0.585867,1.088690,0.314222,3.062185
4.230283,83.583485,987287.411982,831830.322071,4123253.193537,0.248174,39106.872868,1.352550,0.962707,2.840750,0.615751
4.398484,52.896228,386784.498836,141235.564695,1071987.262073,0.195935,40947.612357,1.439477,2.053863,1.065753,5.936193
4.056345,267.113785,172318.710907,56922.296894,423396.415836,0.186651,37213.585781,1.113150,0.936938,5.917496,0.818431
3.933569,14.755398,17253.743179,5533.888764,40697.674045,0.183872,35883.744423,1.485901,1.141333,1.046770,2.840073
4.262067,565.812513,70864.632141,38738.382671,237867.140355,0.228521,39453.976252,0.557145,0.656573,1.636199,5.556854
4.368342,117.976106,273169.448898,181592.509358,1036576.652356,0.239862,40617.059867,1.569191,1.141843,3.544583,1.680874
4.275773,71.818332,893718.211139,440184.760353,2845526.133451,0.221099,39603.760967,1.128759,1.933885,3.502262,2.346370
4.411600,213.063124,162625.964976,96479.308643,586144.792136,0.233707,41091.545907,1.346901,2.320683,4.772017,0.739353
4.163958,169.590673,799921.417686,643808.184217,3222313.908770,0.247077,38383.684627,0.779304,1.161910,2.416469,5.077281
4.072341,370.360790,67468.965905,53081.248474,263877.268955,0.246439,37387.251263,0.549870,0.562924,5.512374,5.227626
3.959049,74.287258,353538.012448,232332.465301,1231872.252916,0.239300,36159.270099,1.449288,1.333028,4.962985,0.653151
4.590633,220.514455,458669.444685,263540.658217,1679332.686303,0.231750,43061.696297,0.279086,1.428675,5.743537,6.261052
4.037751,922.426271,72135.814804,66597.051556,303923.577374,0.249602,37011.826992,0.324351,1.384405,6.262524,1.320187
4.539728,154.266843,219406.797048,143353.147163,851449.691452,0.239011,42500.491065,0.384899,1.434722,4.638684,3.226939
4.442480,139.667754,107773.330924,106539.018975,507690.971028,0.249992,41430.634888,1.227085,1.459024,4.450005,4.879779
4.400685,678.547043,69839.712665,52461.486447,284006.642478,0.244952,40971.755990,0.954356,0.898601,2.568060,0.472793
4.251656,96.496251,274559.801024,57478.631769,543181.067093,0.143142,39340.247442,1.482883,1.866565,4.003583,5.683677
4.127583,48.156020,904170.206946,423770.555116,2724617.646352,0.217282,37987.710473,1.476415,1.695532,2.030689,6.140858
4.126803,132.074039,504022.038146,359810.883444,1895286.850110,0.243032,37979.218475,0.769956,1.423559,5.108871,0.440004
4.221464,369.173409,29018.209553,17102.639412,100566.437216,0.233313,39010.626372,0.860302,1.526626,3.094446,3.536710
4.260667,35.185909,1112160.858043,1012086.294901,4857702.504614,0.249445,39438.687462,1.472256,2.328889,4.612395,4.115251
4.081738,72.169885,715248.460629,413716.584435,2388757.623525,0.232166,37489.312276,1.071364,1.782724,1.019029,1.149088
3.968926,188.722790,192466.870119,156557.840038,750083.717983,0.247354,36266.135667,1.332525,2.836202,4.835379,5.325207
4.443994,544.687011,154210.615782,83543.830145,532977.742537,0.227914,41447.258730,1.007525,1.380879,3.065925,4.080680
3.923793,52.346342,1868338.148099,1260548.602363,6552859.423753,0.240567,35778.100502,0.949252,1.834828,5.162295,4.457016
3.991079,343.153371,83470.234751,43673.005489,259646.582041,0.225506,36505.965912,0.681102,2.166784,4.158320,2.220248
4.472243,152.610625,36049.683468,7347.394499,73197.148344,0.140642,41757.742219,1.543256,2.343383,6.072824,5.463127
4.422101,205.108502,152644.794899,86962.873863,539606.308194,0.231214,41206.820482,1.132293,2.383131,3.442659,3.890564
4.135417,109.716845,325461.967840,235901.839214,1235565.626527,0.243637,38072.953210,0.784664,2.478013,2.709338,4.586752
4.179496,102.747454,285383.714484,222806.660569,1135263.468219,0.246209,38552.972204,0.888365,2.399779,3.165484,1.110629
3.944351,83.775652,864162.762298,507143.123535,2829554.471001,0.233054,36000.305207,0.970993,1.369753,1.624716,3.855906
3.877286,119.690803,829968.514488,282787.110035,2000833.755312,0.189549,35276.013366,1.311835,1.991596,5.766513,4.748517
4.274033,534.363301,116937.820885,84654.687555,455629.213377,0.243589,39584.746252,1.008656,1.618247,3.380323,1.848171
4.124110,21.543113,9907.429939,1029.592987,12794.243144,0.085276,37949.928768,1.528721,0.464838,0.705042,2.400503
4.013759,296.507426,48096.207974,39808.979650,190816.409616,0.247778,36751.691423,1.051480,2.023275,3.564029,3.902945
3.875385,42.795529,886484.507815,626147.395849,3152615.062407,0.242595,35255.512275,1.563695,2.150035,2.184322,0.569639
4.487012,43.427490,791307.510939,610365.918207,3314117.093984,0.245834,41920.163625,1.311737,0.142892,0.507420,1.720651
4.002586,269.890108,32082.641549,31955.255804,139442.314589,0.249999,36630.610223,0.467762,2.117969,1.757698,6.095171
4.127379,241.028156,649545.491973,282723.254419,1880917.984408,0.211295,37985.488057,0.546368,2.454835,5.855736,3.991456
4.279030,126.981743,334076.596406,134817.385248,956080.316210,0.204853,39639.370684,0.758861,1.244296,4.243453,4.617981
4.123958,141.616069,33762.615018,11256.084561,84493.055000,0.187516,37948.269900,1.351647,1.514141,1.985639,5.099450
4.303258,80.795804,272338.891179,71835.884892,619523.210744,0.165155,39904.322042,1.326846,1.106644,4.624558,0.730757
4.594462,183.072284,43218.567985,27026.287146,165542.499705,0.236716,43103.945083,0.898599,1.586972,4.339167,1.948161
3.962260,497.775649,58832.223285,17836.018684,135302.041458,0.178518,36194.013995,0.675962,1.733189,2.672963,3.104552
4.110688,430.260965,61523.121589,55980.601071,261044.505827,0.249444,37803.944560,1.258733,0.474738,2.403611,0.939282
4.296037,79.240142,283888.464122,107959.947878,789175.569110,0.199606,39825.336119,1.367104,0.866072,0.459832,2.658458
3.941314,241.559322,34042.525139,7660.373675,66004.299815,0.149948,35967.470588,1.086216,0.757938,3.169476,0.192871
4.406406,217.186102,173825.504356,173127.500890,816473.794407,0.249999,41034.536119,0.912942,1.214190,1.797991,1.175136
4.361715,482.664660,134823.534677,93232.978146,521550.552407,0.241685,40544.421569,0.837516,0.350552,1.748404,2.208658
4.472144,283.474085,25012.548063,11359.009570,79086.831876,0.214770,41756.654213,0.722090,1.641737,0.315232,4.349723
4.332619,110.588069,473096.431813,124430.551152,1080426.032830,0.164878,40225.677312,1.128826,0.801992,3.823788,3.677564
4.178635,511.870040,42511.128809,12722.072180,101300.493304,0.177280,38543.585615,0.324527,1.827411,0.237360,3.816329
4.186480,109.201068,272817.106989,122909.831470,814082.737812,0.214125,38629.089452,1.236225,2.240353,2.884105,0.165836
3.981667,407.138130,76314.458108,51437.340554,270665.259880,0.240520,36404.054821,0.601737,2.394286,1.619930,5.319410
4.108938,40.729537,13649.694058,6416.867166,41049.096952,0.217520,37784.919709,1.455292,2.645708,1.918219,5.938861
4.114425,53.177349,972112.884530,457668.689475,2928893.906228,0.217635,37844.589220,1.309676,1.938067,1.078571,5.400643
4.296075,75.219468,691254.274232,519372.469922,2756906.884655,0.244961,39825.748808,0.889584,2.310129,2.423677,6.108901
4.263146,107.637228,548570.351410,449738.474973,2273567.704849,0.247550,39465.774579,1.011908,0.965145,1.688662,3.763091
4.524779,89.623173,647066.524043,644080.194171,3104939.427435,0.249999,42335.835343,0.625373,0.867202,6.169771,2.410016
4.162065,64.040550,900030.778623,556775.156101,3163045.722906,0.236121,38363.064846,0.929087,1.916640,3.938277,4.498685
4.022853,92.560046,12844.319032,4604.886769,32790.904261,0.194258,36850.270615,0.513560,1.382656,4.301997,1.294261
4.104569,238.631722,63045.788538,8489.733649,94229.046657,0.104594,37737.419062,0.977946,2.552227,0.836373,1.612261
4.277648,377.426596,77159.534797,36527.256428,240603.745324,0.218065,39624.258422,0.729996,1.465239,4.097051,3.580445
4.352193,152.014818,241739.147123,205005.501432,1036543.250511,0.248310,40440.081950,0.526887,0.922661,0.335461,5.545384
4.448221,212.582666,118487.758218,44738.056832,337526.081231,0.198963,41493.708738,1.371357,0.196742,1.109447,6.052172
4.295329,77.371999,31697.686633,16970.518438,105895.494645,0.227108,39817.592591,1.276013,1.850506,1.352986,3.040450
3.994157,349.680291,279076.195373,154044.557309,893638.507563,0.229167,36539.302360,0.582101,0.648408,2.407465,6.222346
4.361836,135.968128,388408.041064,298504.866929,1586634.850214,0.245718,40545.747768,0.899944,0.301276,1.629200,1.850137
4.126269,532.807673,82260.600423,49864.495285,284049.700598,0.234970,37973.415259,0.996269,2.224353,5.086002,4.379187
3.922674,29.439013,3053839.979559,1433949.803049,8843470.517430,0.217428,35766.014389,0.036012,2.119194,4.854344,6.027918
4.412109,518.737612,51400.746089,42518.008639,220060.195393,0.247764,41097.131272,0.406411,1.824205,3.627571,5.978769
4.305549,31.580901,1273024.708497,746587.896289,4471233.824572,0.233014,39929.390893,1.547042,1.545284,4.405674,1.034345
4.297065,287.069698,100018.940568,61631.452373,359957.097791,0.235902,39836.581249,1.102651,1.661172,4.007493,4.570372
4.294697,44.230373,18826.961720,746.837135,14266.248291,0.036699,39810.681551,0.184594,2.480040,3.143244,5.091953
4.068843,243.357407,20523.290006,12774.111960,71051.524425,0.236460,37349.264160,0.998100,2.370411,5.318568,3.746607
4.885375,154.057686,203730.074077,163597.011135,934247.329590,0.247016,46326.482089,0.605117,2.960016,3.453021,3.352237
5.192103,140.370391,26385.170293,21540.072818,128377.697611,0.247445,49750.268902,1.117236,1.602231,4.003876,4.644091
5.210463,186.952910,207457.860297,111327.297900,813847.959911,0.227266,49956.003173,0.833873,2.960036,6.185909,3.172258
4.997823,365.458405,71182.360059,36491.497633,263214.613191,0.224049,47578.656052,1.355319,0.937704,2.727872,3.406546
4.947557,160.847626,260139.286560,174724.938901,1099523.104220,0.240355,47018.476170,0.881923,1.596052,2.253390,0.929257
5.288206,190.012530,70826.592206,42840.023902,299659.327774,0.234844,50828.167326,1.445862,0.544238,1.283618,5.219646
4.985210,56.175955,811329.252365,530621.877215,3403466.285651,0.239061,47438.036308,1.254307,1.189254,5.945979,0.464538
4.945500,290.562413,35150.079041,14373.149761,114107.326655,0.205997,46995.568129,1.121660,1.980026,6.070255,2.115167
5.221338,448.894496,68106.504928,66668.293347,364944.502776,0.249972,50077.914627,1.225956,1.933775,6.124506,2.300747
4.914696,231.497489,86688.936320,57175.045761,360947.545995,0.239478,46652.641019,1.343232,1.127342,5.700381,4.160587
5.006074,224.768694,68799.430601,12567.002629,144075.967066,0.130595,47670.679069,0.600371,1.579585,4.784083,1.046020
5.124938,225.683740,54760.458149,18702.767950,166001.284426,0.189772,48998.363788,0.645788,2.388735,4.196359,5.633925
4.910321,22.679400,1200034.571865,542100.285870,4086568.267225,0.214343,46603.964729,1.549765,1.141376,1.073680,3.974478
5.278356,58.882710,15393.859725,5173.682697,47413.045030,0.188271,50717.579485,1.167835,1.854131,3.901545,2.705352
5.123927,66.463771,323289.480217,199255.215663,1345259.598561,0.235914,48987.062105,0.993514,0.832936,5.478029,1.471946
4.899136,330.474754,79140.078704,74298.308546,393755.694434,0.249751,46479.527304,1.066806,1.331488,5.272305,0.255991
4.932980,497.270303,36178.487103,28063.608014,164310.490320,0.246011,46856.160447,0.306302,2.733517,0.615908,1.837936
5.364773,114.546839,340763.099800,125218.398027,1117330.307419,0.196509,51688.646642,1.030661,1.670504,5.399504,3.736227
4.697702,243.625384,320571.906301,220666.347102,1314676.670913,0.241482,44244.683689,0.674206,2.448340,5.879975,5.664063
4.924610,680.123304,131314.965046,38473.249050,353803.496256,0.175250,46762.985933,0.584114,1.450423,2.837379,3.841317
5.390714,96.667225,248016.892349,212880.583813,1277611.777513,0.248547,51980.520128,0.516624,2.020474,1.372027,4.157911
5.063982,45.183663,659157.729126,562112.921084,3211317.566306,0.248421,48317.020239,1.048491,0.611365,5.407568,1.987814
5.126408,257.555376,64125.266184,32162.170401,239395.906656,0.222451,49014.812907,0.811464,0.286627,5.644146,0.682587
4.774019,135.606137,508964.056730,198421.789578,1563553.794821,0.201820,45090.004685,1.080103,0.951831,3.291662,3.245544
4.798875,46.029005,17758.852849,4975.936663,45685.610274,0.170965,45365.691788,1.384747,2.299517,3.198182,0.707623
5.024033,549.566357,69730.386383,63553.114041,349033.735919,0.249463,47871.031923,0.911564,0.501257,2.413157,3.375789
5.140488,407.199685,131036.166327,118852.522117,666950.019757,0.249406,49172.335505,0.803323,0.454200,3.340017,0.143908
4.918283,116.541964,183258.591394,105853.996645,712271.058399,0.232080,46692.566008,0.970643,0.759991,5.040402,6.179424
4.770693,311.724783,51179.522982,35856.368988,214528.894611,0.242251,45053.124166,0.821581,2.225107,2.874380,5.112298
5.274884,252.126813,73530.963436,62010.976316,368599.111450,0.248194,50678.608231,1.062066,0.935036,5.642055,2.361200
4.830842,58.654263,1223348.346923,205788.109577,2373005.871370,0.123260,45720.512912,1.207972,1.861490,5.567402,5.508073
5.029123,47.702780,348489.940372,228075.535076,1473146.074932,0.239096,47927.836935,1.498166,2.389209,4.407701,2.341142
4.754058,109.762480,450914.293137,278527.169982,1765034.140899,0.236037,44868.744745,1.157441,2.659691,5.354135,4.827547
4.789495,386.037572,166113.787508,122058.110258,715968.190751,0.244157,45261.627860,0.935502,1.211226,3.236102,2.340863
5.289740,101.001354,240855.399093,197388.200953,1192713.408115,0.247541,50845.389591,0.985644,3.105790,1.740698,5.726300
4.847484,165.575333,389529.741936,321358.251083,1799396.546060,0.247701,45905.348826,0.826091,1.665989,0.216362,3.645862
5.197983,489.776105,72108.247970,69330.151604,381488.273160,0.249904,49816.148813,0.361066,1.307645,5.199453,4.111384
5.226662,27.848012,997027.677003,597097.681829,4155299.672934,0.234265,50137.604569,1.487639,1.846665,3.912031,0.687760
4.972436,96.153994,404567.667364,338381.383740,1922198.566433,0.248016,47295.647690,1.246395,2.134932,5.194471,4.286237
4.921842,133.061824,40794.653677,26113.838839,167434.486628,0.237964,46732.170068,1.325324,2.524277,3.936118,2.189885
4.938974,71.491051,273629.437332,113441.431494,893951.677022,0.207183,46922.899130,1.067900,0.410922,0.254623,2.344138
4.930742,168.150935,750746.174485,193165.955864,1883549.161445,0.162765,46831.246480,0.252878,2.296699,5.393607,5.950264
5.086888,101.241426,313340.938936,104779.652500,933064.082838,0.187798,48572.943021,0.656025,0.971895,1.324387,5.453070
5.069130,42.582300,339056.472732,150940.662111,1176344.944873,0.213153,48374.523910,1.408511,2.028383,2.169348,3.269725
5.040555,513.536166,46792.580578,39106.258930,224767.423187,0.247998,48055.434394,0.178570,1.358951,0.437688,2.635615
4.857492,98.098984,312337.076271,207517.119778,1292831.373396,0.239836,46016.538482,1.037085,1.246895,5.344289,4.711212
5.035295,30.531602,1877125.945637,1527019.723413,8885864.437969,0.247356,47996.712796,1.002621,2.366985,0.108330,6.025989
5.375949,208.680157,188755.108221,84984.367476,692181.547147,0.214073,51814.376577,0.941034,1.244338,6.054874,4.618766
5.354337,284.635820,159624.393192,44265.685346,447394.765054,0.169971,51571.281147,1.193885,1.425967,2.477865,4.484006
5.011296,380.683805,153763.505126,136348.747557,757456.234455,0.249099,47728.927040,0.864397,2.006035,6.131578,2.311026
5.202923,20.852335,1185110.071991,822146.087385,5312518.058753,0.241825,49871.498607,1.204914,1.350949,4.913412,4.888921
4.813850,312.909227,43431.483121,17817.112372,138111.473403,0.206276,45531.864281,0.892179,1.381820,5.609944,4.533301
4.746009,316.088171,63804.536921,28208.590325,208802.696696,0.212585,44779.552470,1.344582,2.389437,0.221568,4.523118
4.680762,23.100734,2474652.648020,517856.971492,5294609.371818,0.143104,44057.286519,0.121900,1.622410,4.568519,5.909225
4.939192,79.511631,939351.156202,530486.271244,3620551.997639,0.230655,46925.326972,0.577208,1.241330,4.107530,1.589727
4.767824,49.242673,1328060.394195,845817.494373,5294947.832794,0.237697,45021.324377,1.010258,1.989012,3.045488,5.059647
4.829611,58.524959,458773.419891,120054.489443,1142130.445465,0.164391,45706.844552,1.085483,1.616297,0.951945,2.810685
4.986008,315.320722,89537.470187,60724.521273,382814.906492,0.240808,47446.931735,1.364478,0.900499,3.739372,1.270089
5.230028,128.907810,11634.908221,8944.967659,55233.997611,0.245729,50175.346883,0.458316,1.110097,1.496171,4.029185
4.880515,356.073719,155560.967840,89918.851899,600984.149277,0.232124,46272.438689,0.346933,2.967780,3.405900,1.012814
4.936522,49.151740,780566.512216,272509.208009,2321212.149540,0.191810,46895.598257,1.471756,0.814936,4.017256,4.915535
4.884983,158.646403,483585.458068,279216.254057,1868578.120097,0.232055,46322.124694,0.709567,1.385036,5.947248,0.566820
4.959556,387.839990,101805.124418,64511.973919,418285.228792,0.237430,47152.140061,0.718393,2.031567,3.514297,1.556870
4.858761,190.044923,31954.429972,23542.428341,139566.598267,0.244256,46030.637504,0.799822,0.733100,6.085983,5.157695
4.904105,96.558212,267536.290591,186161.480254,1143310.617619,0.241958,46534.801129,0.922381,0.893536,4.412057,1.846345
4.984662,36.068246,1144182.215502,711471.259253,4674463.457348,0.236406,47431.920697,1.541598,1.100868,3.819476,4.224992
5.148492,362.651009,101737.577338,29050.366960,280436.721445,0.172782,49261.913255,0.913622,2.918236,0.466571,3.923301
4.773675,19.054728,1581696.354894,1248807.106442,7054247.317731,0.246542,45086.189613,1.548570,1.467277,0.561891,0.610308
4.697208,133.741097,357599.708380,300788.078094,1625400.444271,0.248139,44239.218212,0.797751,1.727220,2.119875,0.296625
4.757016,158.088056,825341.666751,615658.033698,3564910.575358,0.244707,44901.520919,0.524835,1.643377,6.227305,4.624942
4.943877,326.059475,95987.714179,55325.729201,374265.664578,0.231946,46977.495663,0.599110,1.931597,4.436761,5.921709
5.142076,69.446407,233986.558071,216040.378395,1201995.973719,0.249602,49190.113765,1.266768,2.135588,4.495599,4.296044
4.887301,94.870900,294433.492872,163015.449607,1113210.508769,0.229367,46347.897188,1.199414,1.243009,3.965280,4.125891
4.773916,459.559920,140477.238935,74195.376900,508048.073001,0.226167,45088.860415,0.756029,2.516583,4.880424,0.124734
5.017248,81.352246,342629.740428,221270.947367,1435512.741124,0.238421,47795.327033,0.831156,2.390864,2.617680,4.134837
4.935329,138.628814,276007.855643,234078.879418,1312460.354422,0.248311,46882.312734,0.862750,0.445733,1.709345,0.249352
5.306399,77.908038,32497.348321,10695.321646,99385.833795,0.186304,51032.489105,1.261018,2.595980,4.052257,3.580467
5.314247,60.922333,375037.354796,356411.370608,2009557.437482,0.249838,51120.655504,0.905022,1.482419,4.531103,0.960795
4.989190,87.189878,321670.782336,89877.909462,853340.921598,0.170696,47482.399515,0.547740,2.462322,1.987220,3.007308
5.026364,106.916270,260739.298239,134516.389838,972005.584404,0.224505,47897.044931,0.634478,1.343914,0.924650,3.352813
4.930980,324.768586,113548.081697,32942.248686,304596.191230,0.174307,46833.890330,0.965065,1.607204,0.679095,2.317558
4.965911,131.178565,28512.350339,17606.373747,115697.263082,0.236020,47222.943227,1.022824,2.026708,1.325622,2.450971
5.096421,36.164547,678533.726184,477338.549976,3011145.646074,0.242425,48679.491922,1.502077,1.754189,1.235879,3.483425
5.241854,121.922405,270622.812953,163702.895279,1136587.758841,0.234850,50307.981179,0.502811,2.025272,4.597933,1.940406
5.113282,181.359870,81878.477447,65358.025409,388823.502147,0.246853,48867.998613,1.249429,1.871614,1.915217,2.955235
4.900272,23.479210,322517.616861,181311.141021,1231975.863902,0.230363,46492.163456,1.432020,1.477580,1.409602,4.354293
5.150888,36.255951,1330825.108456,923989.477396,5918183.478670,0.241861,49288.724501,0.721015,1.145923,4.266710,2.063016
5.172832,184.900888,205552.177275,121401.213093,843090.803941,0.233439,49534.407083,0.829985,1.837371,3.242638,1.849411
5.130165,72.339978,12535.609095,9191.693690,57147.282822,0.244078,49056.838788,0.869653,1.202075,1.019009,1.346022
4.994370,83.011569,369428.532395,249069.639965,1576836.285549,0.240533,47540.158769,0.901333,2.926730,2.494145,3.844335
5.198251,57.718403,395625.987412,313845.278433,1898814.161667,0.246678,49819.151227,1.083090,0.668067,1.041937,4.084405
5.279992,33.532132,1292304.326959,1029928.550461,6299137.635924,0.246809,50735.949136,0.975500,2.603492,1.153274,1.641242
5.305928,23.621954,1055545.867505,873808.167466,5267475.791966,0.247782,51027.200664,1.510815,1.237324,1.505536,1.884979
4.911167,239.141255,68563.137092,34902.256574,248931.998845,0.223539,46613.378297,0.950005,1.402298,0.876892,6.272224
4.830995,85.288483,480033.939645,138308.108835,1261155.470917,0.173645,45722.202049,1.074299,2.025827,4.922557,1.858078
4.967199,730.529960,81534.089225,49122.347217,326674.590692,0.234616,47237.292587,0.405034,1.530248,0.145024,3.987805
5.105086,54.976241,341926.954643,185564.230424,1326494.106026,0.228033,48776.361940,1.545580,1.090247,4.359916,1.126595
4.890197,287.654557,163443.258594,66730.043623,525208.672423,0.205863,46380.104360,1.151293,2.668744,5.113226,3.984102
4.808724,104.080400,218416.001259,143472.896956,891247.423657,0.239279,45474.977840,0.835217,2.394105,4.018727,2.907209
5.010351,73.832526,386032.668094,169238.475009,1315445.033553,0.211891,47718.386104,1.210633,2.018007,3.152425,4.136236
5.305057,685.059163,113032.230806,74234.410751,500589.170275,0.239269,51017.413155,0.493252,2.410265,5.502332,6.130135
5.099247,241.700561,83850.376066,55500.644405,360691.605479,0.239653,48711.083784,0.959518,1.811675,4.151805,2.409029
4.909379,371.300643,53742.975047,36458.577235,226867.310168,0.240820,46593.486385,0.680464,1.140865,5.404469,5.514960
5.010832,45.611479,376115.098154,225049.333443,1512498.875462,0.234214,47723.756660,1.375758,2.320533,2.568662,4.851257
4.931722,226.437017,70625.236874,62485.255054,342910.513470,0.249065,46842.153298,0.993841,2.625208,3.251446,3.813043
4.712270,130.593075,756303.451259,374802.920435,2615817.728246,0.221560,44405.915463,0.914700,2.601838,6.251580,0.922590
4.867558,163.851280,31992.660880,17705.880372,120528.399346,0.229340,46128.402943,1.069263,2.951407,1.987625,4.247478
4.965023,111.507986,204532.034974,91049.969408,697430.910281,0.213150,47213.044237,1.141052,2.752576,2.492360,2.837074
4.959657,115.990172,257742.901259,133592.835582,952562.093110,0.224839,47153.262468,0.703377,0.707888,4.603927,4.684165
5.774297,50.568267,532070.465534,387957.680095,2672736.359600,0.243866,56315.386148,1.349420,1.235741,5.680687,2.316713
5.758540,41.588870,356044.751118,326927.262754,2006992.540177,0.249546,56136.635703,1.441547,0.405443,0.456835,2.647473
5.728195,154.990493,305690.348889,194808.762139,1422171.778741,0.237730,55792.554504,0.941822,0.920476,3.064321,4.912522
6.006474,47.890313,907750.910357,493125.412075,4043653.978877,0.228100,58955.725440,0.588858,1.153619,4.302014,1.258875
5.804355,45.640469,367158.825027,321675.777042,2034826.398773,0.248910,56656.526899,1.183367,0.972977,5.415150,0.044635
5.686364,79.623284,397195.644727,341445.482073,2142391.471233,0.248576,55318.578399,0.994117,0.906135,4.112020,3.232247
5.953995,52.251764,958782.255371,608802.818831,4601571.037618,0.237539,58357.887237,1.222758,1.303771,3.076076,2.341676
5.445517,85.573061,186800.117406,109851.852363,798213.487796,0.233179,52597.679141,1.403476,1.120337,0.312036,4.379599
6.039277,81.598525,234520.774799,223795.380713,1403829.949492,0.249863,59329.726753,0.861032,2.299643,1.214552,1.252287
5.651316,66.224234,734348.924569,306731.861179,2697786.141691,0.207822,54921.776331,1.240916,0.638494,3.425481,2.964282
5.593182,82.288221,221067.254486,87299.363372,780913.367783,0.202955,54264.228863,0.810107,1.809513,4.213957,0.436950
5.694513,210.747667,248136.412563,103522.543514,916916.783250,0.207722,55410.881284,0.283959,2.630782,5.383604,4.564445
5.567491,63.360402,303242.996964,166321.294889,1272634.303801,0.228743,53973.900006,1.258178,1.119046,5.373118,5.293760
5.648514,98.153021,705613.504214,457202.787306,3272109.504271,0.238591,54890.065099,0.988087,2.008610,5.692324,1.149672
6.087003,568.345002,100715.614407,39606.027420,381550.928503,0.202586,59874.267165,0.472320,1.750100,5.567265,0.454801
6.041418,44.878852,547157.633210,393543.980423,2836829.265872,0.243334,59354.143071,1.333762,2.241853,0.972690,5.155113
5.887340,127.397544,123027.895339,23625.665208,303966.407069,0.135146,57599.426751,1.285012,1.627149,1.636101,2.283978
6.005818,41.665214,424880.077441,318031.831730,2237245.093754,0.244829,58948.252103,1.056428,2.834118,2.930193,4.004655
5.719575,56.553098,509528.424608,176742.676342,1709025.711514,0.191213,55694.852224,0.746909,0.413865,6.244270,2.918468
5.836858,293.993515,98392.424363,44889.208563,389655.331210,0.215141,57025.651818,0.618302,1.704931,1.021966,3.343976
6.075569,527.427440,96819.965303,62347.776968,476279.538227,0.238274,59743.771757,0.714981,1.472184,2.635989,3.269699
5.661653,44.960205,279046.315503,259825.823444,1561349.212488,0.249682,55038.781215,1.448302,1.008987,6.095555,0.815449
5.617697,40.991552,621071.870237,290864.160499,2414422.343510,0.217222,54541.419395,1.427380,1.908736,0.988127,3.690658
5.674942,120.046535,160235.628407,49686.145208,501917.875847,0.180667,55189.234679,1.337028,2.127470,3.177586,2.831497
5.766459,54.998997,390668.816874,318362.094163,2075231.042171,0.247400,56226.456663,0.810839,2.103370,1.708047,3.254870
6.038860,41.735614,170168.302507,88951.484543,746141.779611,0.225440,59324.972504,1.415189,2.349735,4.243313,4.861543
5.945540,131.107885,302456.347984,209176.127274,1515721.075857,0.241690,58261.625048,0.300684,2.216142,0.984953,4.959376
5.637157,49.278730,1308359.158812,879389.554807,6173444.714336,0.240388,54761.549989,0.843077,2.427056,5.297645,4.574281
5.592545,237.514876,207098.498527,77764.099173,711704.465474,0.198466,54257.036686,0.378223,2.911822,0.326024,5.955074
5.724184,68.323856,532061.406166,489473.667560,2986782.238332,0.249565,55747.081431,1.342333,2.404849,5.540658,5.679202
5.554629,345.330533,89908.058175,54017.416779,395111.813693,0.234454,53828.609566,0.657441,1.517226,0.820573,6.151893
5.518200,147.644928,361713.893987,190215.732968,1473390.764000,0.225863,53417.324978,0.681715,1.702845,0.418060,4.907435
5.951480,93.390133,226157.818543,79778.410751,792007.510529,0.192768,58329.254529,1.528111,1.294004,2.622149,4.230347
5.875714,12.690941,1440122.759941,966515.627952,7033972.367150,0.240318,57467.232502,1.089700,0.758008,0.715689,1.156371
5.736055,220.605710,162353.593885,57424.799685,551753.987811,0.193015,55881.658339,1.365148,1.068353,3.217544,5.277348
6.095570,74.722068,702948.158569,492860.972052,3624462.252374,0.242284,59972.077141,1.014062,1.127221,2.290054,5.438940
5.779402,299.746265,25811.067883,18449.893305,128430.187627,0.243085,56373.309329,0.305769,2.000766,3.113369,2.554158
5.834676,47.027711,991787.589484,437803.694261,3857397.443528,0.212459,57000.860524,0.851698,2.171304,2.782037,2.859542
5.745943,46.468908,465105.730443,384134.991067,2480035.219931,0.247727,55993.771209,0.926790,2.266152,1.579432,2.907615
5.679025,151.550843,141331.951370,101913.149433,695963.672652,0.243435,55235.459739,0.766334,1.862038,1.546641,0.539390
5.436410,90.203009,532521.882883,256402.664002,2043584.485039,0.219376,52495.064278,0.432846,1.133781,0.548219,0.374526
5.825646,70.758015,352000.492257,211566.573981,1611197.596875,0.234476,56898.289450,1.349110,1.522423,0.259396,5.547683
5.548847,48.695795,1013797.168829,364743.640912,3380992.501639,0.194581,53763.313079,0.871053,1.057538,0.170172,1.735616
5.632485,267.780351,158211.781067,99554.351244,720792.941793,0.237054,54708.690379,0.337941,1.436968,3.923347,0.953141
5.504470,23.466254,780514.857036,333620.251658,2839255.732517,0.209777,53262.391775,1.188917,1.118902,4.733068,3.441425
6.096903,50.037494,231047.780871,226918.760195,1414638.364207,0.249980,59987.288647,1.074062,1.962352,1.603761,2.432315
5.965101,31.086123,510769.720727,495418.516700,3050071.292731,0.249942,58484.356070,1.048031,2.487131,3.547071,6.049175
5.936412,239.206113,114966.312817,110118.317281,679397.293563,0.249884,58157.716947,0.187384,1.141682,0.676661,0.625957
5.827581,197.336105,214706.573712,119824.398217,945396.435685,0.229889,56920.273432,0.199993,1.438396,0.298207,0.064979
5.790078,65.462648,660799.409408,436295.112089,3160355.751388,0.239531,56494.469706,0.716315,0.412724,1.080166,5.276722
6.016326,81.440986,310365.323878,110927.208321,1104942.727448,0.193974,59068.028099,1.359864,1.751696,0.003060,0.506632
6.055645,51.803974,233642.443711,152377.233825,1153713.382579,0.238920,59516.425946,1.366304,2.704040,1.323176,3.870319
5.769439,260.445535,96415.397775,72399.570307,491360.152648,0.244940,56260.270603,0.898172,0.984822,0.161857,0.613794
6.132725,126.218678,505349.112416,498614.716943,3116921.046781,0.249989,60396.404527,0.641245,1.451720,2.943384,2.713164
6.099922,102.698710,496580.256289,333596.141959,2505796.446711,0.240364,60021.761026,0.762546,1.706884,2.480473,4.323049
6.250593,82.503021,293018.478644,209846.130495,1560848.935667,0.243161,61744.457957,0.662309,2.398625,1.348678,5.444801
6.183928,173.058736,67837.100394,3802.138645,85551.751757,0.050257,60981.660241,0.801076,1.746192,2.858769,1.896516
6.440036,89.242109,199576.548903,101553.147647,911813.642464,0.223509,63917.072864,1.111363,1.675153,0.591114,0.059036
6.933261,37.177818,781995.102162,477872.583119,4196588.863194,0.235432,69606.124895,0.185855,1.693987,4.315440,4.352834
6.819275,332.474207,58279.366269,35343.306601,307031.883228,0.234996,68287.343519,1.020449,1.542120,5.758324,5.756335
6.436909,87.893796,108216.136301,92864.263567,648638.772609,0.248543,63881.147522,1.198129,2.218866,3.697955,2.916240
6.678179,30.412465,867751.723399,357904.427254,3654954.949221,0.206740,66658.199253,0.718738,1.310401,4.567883,6.077733
6.379417,93.493490,180684.014577,106714.049570,885951.719241,0.233439,63221.075709,0.382065,1.683623,4.392061,3.702904
6.479416,273.749021,103625.016581,49746.436045,461375.721073,0.219148,64369.591571,0.746777,1.010559,6.155460,0.746278
6.406759,132.772616,39181.248570,33658.924996,234024.398281,0.248563,63534.915172,1.035449,1.495418,1.431863,2.971867
6.573715,330.262242,40369.063123,24153.639768,204543.264306,0.234210,65454.425605,0.866153,1.641585,2.603212,5.341754
6.221568,130.138134,194652.377613,125576.227950,978227.303615,0.238367,61412.239275,1.057912,2.101353,5.359156,3.058155
6.605859,82.963741,629358.149015,571839.467928,3971262.104846,0.249427,65824.609977,0.869857,1.989921,0.096395,0.662480
6.801996,29.475601,1048227.150370,629493.852876,5481884.857890,0.234427,68087.636277,1.202635,2.465661,5.206248,5.331004
6.173308,24.844588,7737.030840,1222.999746,17817.959853,0.117864,60860.225528,1.140835,1.195751,5.217293,5.699499
6.304235,218.409798,29944.145961,16990.115330,142292.402760,0.230955,62358.917764,0.985946,1.629831,2.304776,5.842037
6.465106,189.810314,218982.443874,172836.600717,1262542.157092,0.246532,64205.118448,0.619248,1.187630,2.749399,0.494148
6.508365,237.334232,83560.916997,44770.150532,395980.721640,0.227158,64702.438935,0.418049,2.007774,4.229335,1.062486
6.224080,84.417946,388850.929943,133549.881289,1394561.808770,0.190291,61440.982977,0.870655,1.959486,3.053624,5.357519
6.318912,225.443231,56170.440003,12332.622543,159089.864666,0.147619,62527.141462,0.154539,1.378333,0.802476,3.891839
6.565874,19.818282,1280005.032475,1242494.467185,8306088.964116,0.249945,65364.160560,1.206902,1.417988,3.388787,5.244114
6.607602,124.893578,35574.693960,14140.240075,145515.476521,0.203528,65844.692801,1.340117,1.315172,5.531462,1.665625
6.329156,371.917167,57759.428652,29309.396150,259572.878411,0.223308,62644.580780,0.835213,2.035960,5.185727,5.484381
6.282106,47.150243,802102.887210,451125.650447,3782400.369902,0.230392,62105.361811,1.299167,0.747271,3.513870,2.730483
6.320983,30.981482,459740.950112,149227.834083,1619825.421541,0.185001,62550.877804,1.540298,1.791766,1.078608,1.790333
6.491762,204.825818,204317.275048,169892.353291,1214082.884623,0.247884,64511.524853,0.370836,0.684000,2.674201,4.634515
6.268047,158.407433,57736.918407,32704.546281,272760.362358,0.230848,61944.330303,1.405223,1.776632,0.808105,0.891939
6.218602,87.691473,246821.292018,114547.215875,1041557.754362,0.216504,61378.301863,1.275971,1.638987,2.825909,3.590147
6.590771,72.817153,216703.035807,189261.906827,1337658.112443,0.248858,65650.833111,0.705066,2.144522,4.439197,1.948036
6.678018,115.315092,36708.375704,12456.029256,138997.139830,0.189166,66656.348640,0.919668,1.887205,4.035905,2.768836
6.466113,213.891637,72763.257272,30780.921879,302124.308170,0.208902,64216.688501,1.150837,1.918780,2.458065,4.861264
6.659416,211.605267,80992.148927,21591.593480,267680.377991,0.166177,66441.839886,0.383295,1.361630,1.001637,4.752362
6.818478,290.159483,60459.994000,44890.315537,353807.908767,0.244540,68278.136928,1.037055,0.783505,1.864707,4.517511
6.372352,63.571577,269183.551103,212883.648063,1534260.375552,0.246590,63140.019129,0.981906,0.896947,5.887647,0.476485
6.832929,114.171452,291668.114486,50304.222107,770942.607669,0.125462,68445.196652,0.818049,1.207726,2.944122,1.551573
6.365459,332.301712,97266.152456,37778.686574,380390.229311,0.201490,63060.924866,0.843862,0.348545,3.790001,0.337810
6.576751,58.942283,341497.996528,103819.768331,1201019.176770,0.178784,65489.385141,0.591137,2.377888,3.408548,4.962081
6.378885,47.911788,21328.743519,6475.023690,72995.146117,0.178648,63214.974341,1.319232,2.210785,1.977483,4.304132
6.764266,86.265241,124869.513931,72053.733014,636368.594016,0.232017,67651.749685,1.457108,2.007860,4.135367,2.679401
6.255217,120.323229,326997.138210,165227.407736,1451420.934946,0.222997,61797.406987,0.042664,2.081720,2.653659,1.145176
6.368022,64.525095,351249.672877,194810.969853,1663567.240696,0.229481,63090.337055,1.113668,1.123025,4.030322,4.163839
6.876014,269.438547,67810.235652,39821.222909,353805.480614,0.233094,68943.507138,1.221543,1.503025,5.938405,6.155833
6.393988,31.458555,558777.833133,74034.621951,1198472.681488,0.103306,63388.305379,1.414317,1.875908,3.389371,5.353503
6.198604,54.948024,134565.008482,65763.722939,582171.243726,0.220512,61149.508667,1.475230,1.224840,4.511616,2.070028
6.413433,177.712324,71363.038752,17000.344951,214350.039989,0.155377,63611.545621,0.799945,0.303726,5.287122,6.231683
6.185003,322.354329,31626.300461,12315.157902,120821.746484,0.201716,60993.958967,0.710713,1.892290,5.646419,3.066401
6.486674,130.639500,139735.526192,73742.702870,654988.568792,0.226109,64453.024276,1.439443,1.981527,0.594332,3.985857
6.741659,263.655454,51486.855538,39900.762169,304974.200640,0.245982,67390.705687,0.383763,0.801537,5.589176,0.540128
6.561740,96.717555,403052.481149,204086.911244,1866681.000604,0.223152,65316.570293,0.512364,0.075180,3.576105,4.662743
6.287842,32.228499,379127.957351,131652.875531,1380008.448908,0.191314,62171.079161,1.364979,2.283446,1.690051,0.897397
6.388577,215.907187,90761.331997,85793.358476,567541.525607,0.249802,63326.198164,1.458790,2.549009,5.644216,4.285023
6.555633,76.919765,498946.486557,291730.515512,2491681.547659,0.232829,65246.277491,0.183826,1.943808,3.727528,3.502014
6.719427,67.868346,425974.615047,259252.189667,2219636.609415,0.235200,67134.080328,0.778541,1.312117,0.556204,0.865428
6.304459,187.239628,37179.028787,11436.266658,126876.990365,0.179902,62361.483277,1.153807,1.112199,3.582005,4.247585
6.480526,120.966632,9886.483300,8042.478233,58006.969112,0.247355,64382.355713,1.079756,1.467575,2.846121,5.034720
6.702145,49.201216,231794.737188,46116.605547,653441.884999,0.138404,66934.657570,1.328536,1.868515,4.843708,2.640361
6.501745,223.030103,46810.970385,37696.279897,274013.001360,0.247092,64626.309913,1.564192,1.093754,3.435720,1.804985
6.755703,128.691158,31003.855813,13818.287733,137544.945965,0.213248,67552.868847,1.424503,2.779255,0.246062,0.485008
6.422359,234.424885,179333.645216,36446.665325,493095.841802,0.140377,63714.037150,0.477570,1.252356,5.948590,5.659716
6.478853,109.984753,312334.457694,129275.929534,1283836.456750,0.207042,64363.123614,1.093664,1.040511,2.883722,0.715302
6.487932,54.012444,212246.425525,134346.451233,1095060.071028,0.237371,64467.495656,1.256520,0.542036,4.475826,0.119658
6.202068,131.128158,188936.380859,80249.488039,758405.565010,0.209244,61189.139048,1.017127,2.582326,5.032919,3.153998
6.442043,659.369184,52646.787526,46100.735153,319032.382676,0.248901,63940.122492,0.065732,2.615561,6.019943,1.203426
6.445261,430.464906,70051.846521,45398.683803,363813.198268,0.238600,63977.091399,1.036476,0.938062,2.979618,3.728327
6.447948,196.693999,147512.588905,132290.842302,905485.133908,0.249260,64007.956567,0.356013,1.871550,2.812582,6.150583
6.668625,181.082764,197180.260493,119707.072917,1019357.418503,0.235057,66548.024107,0.422995,1.500991,5.832634,5.682201
6.182140,228.492510,120901.880971,25853.636503,331060.822027,0.145133,60961.214022,1.138314,1.663097,2.409770,0.452104
6.280288,102.907236,197441.362409,88987.778207,827191.846613,0.214158,62084.541153,0.595376,1.132103,4.342412,3.770952
6.564072,40.385726,418630.915693,255862.018327,2142211.898160,0.235441,65343.411526,1.140461,1.044770,1.357326,5.538225
7.508685,196.151139,85170.573534,63072.530141,541683.293968,0.244445,76298.081599,0.922265,3.058850,1.868686,1.089864
7.413810,320.677220,64983.043838,16857.250803,232354.622928,0.163551,75190.901553,0.855303,1.351023,3.207663,3.325987
7.517310,244.620384,76904.484216,38646.573885,399563.014193,0.222595,76398.808953,1.193901,1.521802,5.927118,1.123161
7.616812,74.738347,147916.201561,126292.958617,1024630.159891,0.248445,77561.660852,1.222041,0.272620,2.709374,0.320052
7.161520,161.272287,200936.578132,130026.688089,1143062.591557,0.238524,72253.958712,0.335424,1.444924,2.330550,2.614572
7.451676,46.963284,208182.276099,99920.119367,1047277.705946,0.219132,75632.625260,1.400102,1.619932,3.769194,4.128740
7.487359,273.403028,103986.750137,88388.735940,707892.910378,0.248356,76049.079259,0.167355,1.905566,2.754319,1.086659
7.284667,64.542612,719839.094643,447672.829021,4071369.118002,0.236414,73686.197490,0.448661,1.308263,1.964962,5.844388
7.182424,91.266745,140641.547601,71692.269337,707342.497918,0.223639,72496.900207,1.515607,1.907033,5.173002,3.812462
7.357408,37.549917,538964.146654,92090.967397,1511904.244225,0.124636,74533.400044,1.195442,1.650782,2.218765,5.483265
7.576563,156.706837,90891.503793,24385.246391,337563.270080,0.166789,77091.090979,0.774643,2.215997,3.589499,1.996148
7.517797,36.099625,260780.460469,57658.763716,862990.866895,0.148282,76404.493547,1.479227,2.630160,4.656701,4.715506
7.352590,80.390270,254058.543813,219663.368532,1716845.957102,0.248682,74477.258861,1.008819,1.518947,0.245206,5.692425
7.553704,158.270369,94764.575724,51328.332580,514553.211204,0.227900,76823.951269,1.267727,1.479852,3.732965,0.646262
7.080818,100.254931,23459.273182,8706.490217,98190.879083,0.197410,71316.762988,0.918913,1.506097,4.069748,0.641909
7.249667,97.572770,189986.804988,107434.188534,1017845.096689,0.230740,73278.882326,0.886536,1.911751,2.793805,5.320422
7.531240,108.044836,74274.780085,36286.572626,380753.466669,0.220486,76561.503432,1.548646,1.980945,3.538308,1.065868
7.303089,318.122379,60595.281758,56166.574257,421628.098929,0.249640,73900.675720,1.083565,0.753349,3.419148,5.513364
7.158273,173.542572,95418.850185,92659.062202,667796.200152,0.249946,72216.230003,0.540162,1.844584,1.795497,4.400590
7.543739,129.306296,51700.829073,24459.120442,260894.950271,0.218014,76707.527966,1.541366,2.078012,0.842341,3.769132
6.968753,198.942906,29066.462139,19347.333484,163834.181798,0.239925,70017.238554,0.719273,0.316742,1.179357,6.275400
7.206093,152.696238,38452.919631,37512.104417,271315.230663,0.249962,72772.064242,0.842137,0.756225,0.443640,3.337916
7.099362,168.500823,113923.423760,79006.924483,666710.954010,0.241812,71532.011209,0.724890,0.898441,5.915810,2.740931
7.577568,49.729267,359220.344593,234492.203206,2157458.906476,0.238966,77102.843097,1.014585,2.994989,4.269584,5.637167
7.460849,25.297211,337545.907811,44090.210383,821654.125614,0.102182,75739.656820,1.530196,2.915237,1.738882,0.610670
7.694856,37.492850,230897.340103,152575.561044,1414678.685996,0.239571,78474.845393,1.149761,0.479491,5.463061,3.688044
7.373876,90.284251,125995.730759,44994.019882,535104.853252,0.193897,74725.324097,1.561612,2.965273,2.602848,1.354227
7.094816,439.596052,65293.327837,38213.587702,349514.398486,0.232888,71479.240471,0.536002,1.666948,0.371960,1.498077
7.312827,155.131278,47915.390608,32240.214898,283325.560283,0.240439,74014.074244,1.502145,1.184834,1.909321,5.321404
7.199977,80.334272,161471.044014,79361.027500,798161.821099,0.220939,72700.951921,1.006974,2.382776,4.529366,6.240172
7.246615,312.985340,30679.618977,22906.908377,189912.897032,0.244740,73243.367173,0.275011,1.903441,0.773358,0.952391
7.422269,40.050841,722064.639311,234051.957114,2924555.908130,0.184870,75289.558029,1.053455,0.178098,3.134526,2.045963
7.090892,103.779616,323395.624593,245078.563480,1979146.411821,0.245255,71433.689663,0.847077,1.340547,2.356968,4.382227
7.580258,101.775060,98716.130605,51497.944450,527066.050038,0.225298,77134.286083,1.540117,2.017497,3.551276,4.026196
7.301667,187.286999,169487.665516,74383.144520,798180.166516,0.211979,73884.119314,0.697448,2.220097,6.271219,3.521196
7.260915,22.188125,843010.764420,372330.602230,3964109.117003,0.212503,73409.754433,1.397187,1.814536,3.437963,6.016867
7.053513,20.606268,226345.397338,142189.013901,1251043.342983,0.236964,70999.922261,1.296046,1.127713,1.106615,4.519745
7.380315,91.570946,178189.070988,116902.438660,1048314.978932,0.239217,74800.378904,0.144459,1.678083,1.035536,3.143560
7.574453,105.014571,135112.318342,38012.998043,515122.530442,0.171359,77066.431240,1.114707,1.680605,3.934773,4.002422
7.289317,34.847794,208523.891740,183433.128549,1410753.808970,0.248976,73740.335264,1.498940,0.531930,5.706207,5.025121
7.162753,291.484012,124862.072674,35505.230771,455876.521404,0.172382,72268.283625,0.426012,1.195765,5.893405,2.602031
7.347819,126.360484,141897.208793,49568.810676,593559.245719,0.191866,74421.665735,1.437736,1.665616,6.275139,2.378011
8.174002,155.407703,61809.693668,18036.780347,257298.378805,0.174865,84101.511601,0.807788,0.963918,0.330319,0.991786
8.064155,51.640878,410948.821102,320844.155619,2860874.452540,0.246210,82808.562319,0.723729,1.044681,0.142845,1.373894
8.237092,46.194836,301011.420329,160190.961168,1748596.194126,0.226693,84844.886544,1.427746,2.690610,6.225908,3.495163
8.106770,226.184296,108574.876172,59887.630111,633729.013677,0.229118,83309.950771,1.004495,1.810779,6.165414,2.534145
8.336064,129.944349,114211.493288,44987.054167,570498.409604,0.202731,86012.204025,1.423721,0.933311,2.355769,4.142905
8.158155,34.320023,211190.799032,77123.237808,993003.930219,0.195943,83914.873810,1.254423,0.528396,0.764582,0.616961
8.165609,55.941672,475732.154909,157309.315286,2120044.964280,0.186747,84002.662383,0.774054,1.626073,0.577282,3.839750
8.243562,65.002511,331576.668783,137273.460210,1684747.739199,0.207063,84921.159899,0.618034,0.172099,4.402255,2.130303
7.932597,48.211107,222449.832363,215979.165936,1704449.918105,0.249946,81262.382401,1.210057,1.111515,5.942721,2.952452
8.059032,22.182457,477422.420661,452012.191503,3663277.440948,0.249813,82748.307509,1.185682,2.305704,3.390744,5.503035
8.419040,53.981063,309033.071610,213611.878967,2099633.622949,0.241667,86991.901920,0.626004,1.526757,4.901061,0.095173
7.935483,30.168362,191977.672963,169699.380150,1403500.088986,0.249051,81296.279023,1.302568,0.628408,4.900602,2.847459
8.109117,13.544039,944196.469906,778135.751414,6790840.540999,0.247676,83337.572442,1.505123,2.302968,5.078597,4.143483
8.033884,20.124636,221561.628709,30638.428511,595089.246848,0.106726,82452.568857,1.179166,1.136960,0.990133,1.578215
7.786151,134.797114,88455.609838,67368.298182,589359.648742,0.245422,79544.263618,1.215725,2.040636,4.785301,5.668257
8.013106,81.449719,115260.884976,7719.059061,202514.162889,0.058827,82208.287664,1.302937,1.639474,0.504762,5.015302
7.982582,55.976825,282950.723506,125652.694099,1451009.860244,0.212950,81849.549164,1.102696,1.545606,5.303423,5.904972
8.478572,220.083458,97165.321768,67124.590543,664135.206889,0.241641,87695.378857,0.243156,2.180072,4.811682,2.121694
7.889668,63.294102,122315.947783,22225.971659,378001.111958,0.130124,80758.401589,1.304285,1.983081,3.862662,4.438449
8.629807,77.227513,206766.842112,169289.169368,1566870.500999,0.247517,89484.653319,1.064543,1.837965,0.159333,2.602704
8.795268,95.532091,33272.380449,11459.470683,162047.373736,0.190553,91445.724427,1.030571,1.101374,5.315297,6.151102
8.976689,41.421338,41376.918218,17852.498633,232034.856524,0.210563,93600.031990,1.381996,1.426602,1.423671,2.914806
8.650645,81.192654,186213.174149,105370.565339,1167458.634990,0.230783,89731.432009,1.143220,2.235921,5.767366,6.060746
9.082529,27.084947,306090.252790,200817.426442,2166577.605328,0.239218,94858.767344,0.965669,0.517546,0.066917,3.961165
8.913321,97.374655,152334.365601,99717.131524,1058916.971364,0.239105,92847.083608,0.079169,2.003294,3.305212,0.051331
8.605481,54.474454,8248.087305,6537.844046,61322.813888,0.246655,89196.648733,1.024953,0.488270,4.509666,3.147934
8.626355,69.325973,166179.906338,55179.123333,779568.716147,0.187137,89443.779968,0.916495,1.124601,4.020272,0.884193
8.786781,127.261801,118879.135441,32387.412030,508136.513727,0.168266,91345.045949,1.301565,2.537754,5.944413,5.750289
9.130904,89.007379,84090.325378,60464.796752,627177.814327,0.243322,95434.545151,1.360639,0.362418,1.435857,2.015035
9.717681,19.952083,487837.487550,99226.938019,1937789.239803,0.140454,102440.936408,1.409470,0.242869,2.019061,2.970014
9.406819,92.513160,96848.001410,59670.795697,684724.990888,0.235895,98724.030492,1.443250,1.421765,2.313677,5.366321
9.320560,129.156566,43136.114134,30599.558323,325462.870356,0.242773,97694.663869,0.765622,2.359566,2.123733,0.214492
9.368412,62.592359,89985.883630,47830.500783,586380.712462,0.226609,98265.598791,1.304027,0.589834,6.030752,3.428754
9.513157,22.638415,563155.200841,381748.253399,4227647.570725,0.240785,99994.237559,0.675847,0.673200,5.833691,0.975395
9.561736,46.150528,165946.482817,57956.439736,878142.919937,0.191845,100574.942159,1.092094,0.196710,4.165271,2.756106
9.863656,47.240200,40073.654571,2649.332272,84224.980963,0.058166,104190.121122,0.835862,0.552628,0.675071,4.867344
9.937835,43.463816,141673.938540,99773.430215,1128625.344448,0.242471,105079.896364,1.472775,1.769616,5.392246,3.896839
9.565427,14.833059,416026.067879,81532.044084,1595098.837205,0.137013,100619.070634,1.387316,0.223809,5.022226,0.315703
9.941746,51.908427,122507.087467,121968.288713,1164352.568597,0.249999,105126.828732,1.189517,1.452506,5.535312,5.854481
10.629261,41.915918,169954.711225,114607.642183,1407487.978911,0.240543,113401.758859,0.515034,1.243096,1.332142,2.864816
10.518611,60.711749,217343.424582,197945.478836,2079434.817223,0.249455,112066.677358,1.011348,1.819459,5.728817,0.353210
10.526540,30.155923,284208.377760,262268.815814,2739142.870870,0.249597,112162.307662,1.152139,1.096605,1.735668,4.901777
11.178938,96.887056,77439.073340,43356.162216,609264.738438,0.230097,120051.870237,1.349857,0.423973,2.692566,3.918392
11.067640,95.484812,88403.079355,51912.004432,706712.220864,0.233092,118703.032531,0.655348,2.999179,3.738595,5.356218
