z,d_L,Δd_L
2.598664464873228289e-02,1.173160076154133833e+02,9.184423070364111652e+00
4.729654326088003624e-02,2.168459700371722931e+02,1.697641413483649941e+01
2.976871997921136728e-02,1.347641665817943419e+02,1.055040267539420462e+01
1.134424942536137529e-02,5.065761993766611937e+01,3.965878337510951201e+00
2.539990287434848101e-02,1.146175801483806538e+02,8.973168869120193847e+00
1.142954033624603641e-02,5.104176430493490102e+01,3.995952190694395778e+00
1.641356098942817199e-02,7.357391296333265984e+01,5.759946637568779337e+00
4.170901090070605610e-02,1.904633803437608037e+02,1.491097677158715840e+01
2.049053336736317548e-03,9.085743154625545159e+00,7.113036893848582176e-01
3.006178735282375586e-02,1.361201221871000087e+02,1.065655758295451427e+01
1.654252075805257016e-02,7.415912439156211633e+01,5.805761607339070096e+00
7.067274199123967093e-02,3.293842498282259044e+02,2.578679895973098724e+01
8.429375651862194840e-02,3.965428055261886016e+02,3.104450079311371979e+01
9.562584368536153345e-02,4.532880364093285266e+02,3.548696536593451611e+01
6.842393043880634629e-02,3.184077176992427667e+02,2.492746938513011656e+01
5.809872176184679993e-02,2.684188514251450215e+02,2.101394636298416430e+01
5.117477922998467377e-02,2.352759539273764062e+02,1.841925874460644863e+01
8.643572915945474389e-02,4.072083479937725770e+02,3.187948364232854814e+01
9.196936599347925456e-02,4.348924322467086085e+02,3.404681227260460474e+01
6.882031778474961836e-02,3.203401961246826204e+02,2.507875904963842828e+01
6.130488985814488284e-02,2.838691785738797080e+02,2.222351992411912747e+01
7.680921174461188827e-02,3.594974628860244366e+02,2.814429896635836315e+01
6.669841143533421224e-02,3.100069207156696507e+02,2.426978868840619086e+01
7.231531624845571882e-02,3.374217344435567156e+02,2.641603669658559639e+01
8.626201965416716022e-02,4.063423427570653530e+02,3.181168591687965730e+01
7.081921130428249500e-02,3.301002713813646210e+02,2.584285477858465541e+01
9.664886182963257355e-02,4.584493765270913173e+02,3.589103580964562923e+01
9.081131605583910027e-02,4.290833380440297447e+02,3.359203052629846553e+01
5.470451104484060773e-02,2.521335389997667562e+02,1.973900356371965970e+01
6.889775838546523257e-02,3.207178518149642628e+02,2.510832491797114230e+01
8.628576717710717547e-02,4.064607218705725700e+02,3.182095356827049670e+01
8.584177224131425699e-02,4.042480237082070289e+02,3.164772609093591882e+01
9.825373501234219153e-02,4.665591041855522576e+02,3.652592930214249378e+01
6.128577268981141857e-02,2.837768610194671624e+02,2.221629257728232076e+01
7.525645595046760727e-02,3.518555027195270100e+02,2.754602600529690193e+01
5.906766547117283522e-02,2.730812556696321280e+02,2.137895616835368529e+01
5.283423731479545971e-02,2.431914117036268976e+02,1.903894325732026616e+01
6.268791035402296319e-02,2.905539736405494864e+02,2.274685844610708330e+01
7.911587458845401044e-02,3.708774807949772025e+02,2.903521659259380172e+01
7.917192233343010865e-02,3.711544056518644652e+02,2.905689645620363848e+01
8.373868299905523616e-02,3.937835341842776984e+02,3.082848325309378978e+01
8.174621473313720132e-02,3.838946336212288202e+02,3.005430206232617962e+01
7.303573010146130473e-02,3.409522032719419258e+02,2.669242966303327336e+01
8.827715024170292024e-02,4.163999035767877785e+02,3.259907116380236403e+01
5.012614093845540325e-02,2.302831407101785146e+02,1.802838191688164926e+01
6.388829595395442706e-02,2.963658084824626826e+02,2.320185475128479524e+01
6.777542661128244106e-02,3.152482416187500576e+02,2.468012065929324805e+01
5.266478248531351186e-02,2.423823206367358978e+02,1.897560122231734070e+01
6.755104842410887545e-02,3.141556982797176261e+02,2.459458774309244333e+01
1.496642334274558284e-01,7.344484739602863783e+02,5.073390323139543057e+01
1.220352037546862944e-01,5.885457685654522493e+02,4.065530139730601888e+01
1.204992094540831143e-01,5.805651865042589179e+02,4.010402231868043543e+01
1.492849219417901052e-01,7.324156145905371886e+02,5.059347828096729671e+01
1.122539235869058627e-01,5.379638316164991920e+02,3.716122497750330211e+01
1.205766197724242178e-01,5.809670549604890084e+02,4.013178240818023568e+01
1.121196958941453881e-01,5.372736533460807777e+02,3.711354915159408563e+01
1.212692288920357575e-01,5.845642448522473842e+02,4.038026748282318579e+01
1.300737772671593240e-01,6.305381178424929658e+02,4.355603012125941831e+01
1.415013878801052172e-01,6.908827534116990137e+02,4.772448987037378032e+01
1.357203744760897834e-01,6.602609039503242911e+02,4.560920744768370838e+01
1.233791672412272861e-01,5.955400222718054692e+02,4.113844732693203810e+01
1.030120711463839989e-01,4.906955579470238149e+02,3.389604830781639322e+01
1.196321271358959520e-01,5.760662282479318037e+02,3.979324529222979834e+01
1.245343044840973162e-01,6.015600815602147122e+02,4.155429829022498467e+01
1.412960099237382250e-01,6.897915679749439732e+02,4.764911345076285443e+01
1.316571887792419293e-01,6.388542180404568853e+02,4.413048597168971554e+01
1.064255574026015116e-01,5.080944573275402831e+02,3.509792169825880848e+01
1.378889857063474722e-01,6.717253313727685509e+02,4.640114203816267491e+01
1.037118946071631798e-01,4.942569160148827905e+02,3.414205820775237754e+01
1.109821764492428947e-01,5.314290183169854345e+02,3.670981606683451304e+01
1.162982534580466465e-01,5.588094703011537376e+02,3.860119068418006805e+01
1.143447782748957531e-01,5.487285482933382355e+02,3.790482526201512314e+01
1.334123715085022144e-01,6.480895339318648212e+02,4.476843899270912175e+01
1.048540452302166581e-01,5.000755855279139723e+02,3.454399765820531343e+01
1.390048315135067603e-01,6.776348852622171535e+02,4.680935955892535816e+01
1.331576081577912907e-01,6.467479231229535799e+02,4.467576380123315971e+01
1.107358658274950058e-01,5.301644788612881030e+02,3.662246477582876736e+01
1.252562577479942596e-01,6.053265621852439153e+02,4.181447755443227976e+01
1.270217535471300785e-01,6.145501648153784799e+02,4.245162145202773729e+01
1.070583410753780940e-01,5.113275186326355310e+02,3.532125366123425181e+01
1.225762067829734153e-01,5.913599767788997497e+02,4.084970001373199011e+01
1.108373246931787515e-01,5.306853168421105238e+02,3.665844298894397468e+01
1.254984780122463672e-01,6.065909280077373751e+02,4.190181685128121813e+01
1.478644363614197987e-01,7.248100432852344284e+02,5.006810402762850032e+01
1.426634661518451641e-01,6.970615184143409806e+02,4.815130383601968589e+01
1.466069782173038683e-01,7.180869740871733029e+02,4.960369086018980767e+01
1.018808926904451045e-01,4.849453062407894208e+02,3.349883499202422144e+01
1.028183780605131659e-01,4.897103875252676062e+02,3.382799514600055346e+01
1.305090405699633471e-01,6.328226694669594963e+02,4.371384135669957516e+01
1.175649767462347006e-01,5.653585124180174262e+02,3.905358248673048394e+01
1.491056079615319663e-01,7.314548955916197883e+02,5.052711416360340024e+01
1.079746890854891422e-01,5.160136446623100710e+02,3.564495977942885219e+01
1.409055043188768841e-01,6.877174583543393283e+02,4.750583903395365581e+01
1.253093680758771422e-01,6.056037633605303654e+02,4.183362593325152545e+01
1.061682360998711383e-01,5.067804214647198364e+02,3.500715131657710799e+01
1.041247679313125479e-01,4.963593866603267770e+02,3.428729173475208114e+01
1.318811520671296644e-01,6.400316564095409149e+02,4.421182053278688073e+01
1.201880926242088199e-01,5.789504094039358506e+02,3.999247746828907424e+01
1.489651991585803636e-01,7.307027487600765880e+02,5.047515770114177514e+01
1.253864450294824573e-01,6.060060841044853532e+02,4.186141726568052235e+01
1.472773058332420004e-01,7.216697923565770907e+02,4.985118317833088497e+01
1.045048815876367942e-01,4.982959431062352564e+02,3.442106431487479767e+01
1.290465327077870983e-01,6.251508407294709286e+02,4.318389020209124141e+01
1.480565121552632202e-01,7.258377828584793861e+02,5.013909776225351322e+01
1.130716781871550503e-01,5.421709213988549436e+02,3.745184044403549706e+01
1.106186077731278056e-01,5.295626125289093125e+02,3.658088932248145397e+01
1.494715812285453416e-01,7.334158827118993713e+02,5.066257435492467209e+01
1.412207426369213870e-01,6.893917291786727901e+02,4.762149356520600918e+01
1.273619832202655122e-01,6.163297504710316161e+02,4.257455087410011885e+01
1.285895402668099652e-01,6.227561733240520425e+02,4.301847243797935505e+01
1.154118886659402932e-01,5.542325687884033414e+02,3.828502952831923523e+01
1.261791564603540194e-01,6.101458456230039928e+02,4.214738186051326352e+01
1.433534064448696022e-01,7.007336021612761670e+02,4.840496239489724672e+01
1.006856669122805914e-01,4.788778693805182343e+02,3.307971130200993315e+01
1.711186344884499111e-01,8.507539238468643816e+02,5.876799908567944897e+01
1.659000213785333244e-01,8.222256719233076865e+02,5.679733725742863726e+01
1.796660826391086596e-01,8.978060254744856366e+02,6.201824311973349779e+01
1.880925930346852848e-01,9.445854785651763450e+02,6.524965326008465638e+01
1.706150786532291685e-01,8.479945589306018974e+02,5.857738891000994386e+01
1.813476014449905693e-01,9.071098733105651490e+02,6.266093015977874359e+01
1.888407397382146635e-01,9.487575142015557503e+02,6.553784727199767701e+01
1.909712813659157904e-01,9.606551229347574008e+02,6.635970496733804680e+01
1.679738857992082168e-01,8.335445577298187345e+02,5.757921818924986468e+01
1.835024342168503075e-01,9.190552352325215679e+02,6.348608652853621237e+01
1.738171508673829191e-01,8.655651198615046269e+02,5.979112026026115245e+01
1.555510458157801923e-01,7.661028262470085792e+02,5.292050842250908715e+01
1.785201181061877862e-01,8.914743033406120958e+02,6.158086324978036430e+01
1.846824843403567784e-01,9.256076367577851443e+02,6.393871039079770924e+01
1.703885772085203809e-01,8.467538449172823221e+02,5.849168342225779327e+01
1.750838124692817299e-01,8.725312847941895598e+02,6.027232588614129583e+01
1.913096025592230798e-01,9.625466793313225935e+02,6.649036905417671051e+01
1.819705345528373763e-01,9.105605023486398295e+02,6.289929116931443787e+01
1.814699106553300800e-01,9.077872159247041282e+02,6.270771932996372300e+01
1.902713283328516802e-01,9.567436500094116809e+02,6.608950998985152125e+01
1.644501121657158671e-01,8.143265294236338150e+02,5.625168382441309234e+01
1.890060761314209525e-01,9.496799221074099933e+02,6.560156495280806155e+01
1.812062852190902129e-01,9.063273729144214030e+02,6.260687694735607067e+01
1.974712009461450368e-01,9.971044594603656606e+02,6.887753593533972207e+01
1.912892314989373954e-01,9.624327670276130675e+02,6.648250027100380066e+01
1.713391191820826664e-01,8.519625703481520986e+02,5.885148942817638584e+01
1.941660527693768734e-01,9.785418105058242872e+02,6.759527357226346567e+01
1.810512984844082074e-01,9.054693017364486423e+02,6.254760349026223309e+01
1.627565630568129640e-01,8.051149372511332558e+02,5.561536957983888385e+01
1.864906893369508711e-01,9.356627144993994989e+02,6.463329055429983327e+01
1.909411562121806627e-01,9.604867230457214191e+02,6.634807231511337022e+01
1.506920068256687451e-01,7.399607829401863910e+02,5.111468004594828329e+01
1.946851087309388328e-01,9.814530782353435825e+02,6.779637682253463993e+01
1.503864374711171292e-01,7.383212787318549317e+02,5.100142710744813002e+01
1.970333509190143606e-01,9.946419891653424656e+02,6.870743451354188380e+01
1.694605082386428374e-01,8.416731118720912264e+02,5.814071881711761591e+01
1.578519046012449578e-01,7.785283181097664738e+02,5.377883099259824462e+01
1.583732604162112478e-01,7.813479890215501200e+02,5.397360695885689807e+01
1.939761377765491512e-01,9.774769835971549128e+02,6.752171793526783006e+01
1.684009427783980661e-01,8.358783593857955339e+02,5.774043149634157146e+01
1.833928181732531193e-01,9.184469625609888226e+02,6.344406854095780091e+01
1.863670800582600262e-01,9.349747793290595155e+02,6.458576967625469933e+01
1.718908203432033543e-01,8.549880521379578795e+02,5.906048230622633355e+01
1.645089671153788236e-01,8.146469436122744128e+02,5.627381725244352140e+01
1.930124568581166322e-01,9.720767615953536733e+02,6.714868381486165561e+01
1.575022180441047748e-01,7.766379530121807875e+02,5.364824919777773005e+01
1.653038523107060176e-01,8.189763038748839108e+02,5.657287886453008241e+01
1.923042210981164291e-01,9.681111897887752775e+02,6.687475181905089983e+01
1.674435879424391593e-01,8.306479757113625055e+02,5.737912939195990703e+01
1.678982460709027569e-01,8.331313040685026863e+02,5.755067163764471871e+01
1.898745718613844835e-01,9.545276782382945839e+02,6.593643608285142932e+01
1.739952569275377559e-01,8.665441002343136461e+02,5.985874582864406790e+01
1.944711315782135241e-01,9.802527525220069720e+02,6.771346125970664787e+01
1.889003181412254873e-01,9.490898836114846517e+02,6.556080653745775066e+01
1.967002331487727462e-01,9.927692243047374632e+02,6.857806850002052101e+01
1.553734876980540081e-01,7.651451909466147754e+02,5.285435731949274185e+01
1.717937434595041279e-01,8.544555683644975943e+02,5.902369963025540756e+01
1.684853080865429953e-01,8.363395232439746678e+02,5.777228756709970270e+01
1.805838837896605598e-01,9.028822973473864977e+02,6.236889955800928931e+01
2.257524114694971773e-01,1.158316794314457866e+03,7.467944353948739433e+01
2.288531114323359983e-01,1.176247052704956104e+03,7.583545001862518120e+01
2.486659954821474616e-01,1.291983697561487816e+03,8.329726726709947116e+01
2.464681751381331554e-01,1.279046613202883464e+03,8.246318261455346033e+01
2.121693364610822696e-01,1.080361432961540459e+03,6.965347565632201565e+01
2.131125356625508116e-01,1.085743314483325776e+03,7.000045838092306383e+01
2.117341230334740809e-01,1.077879694561589986e+03,6.949347206867778937e+01
2.369044219630135339e-01,1.223036632420544720e+03,7.885208570392117622e+01
2.430213917288453762e-01,1.258806960002233154e+03,8.115828394963223502e+01
2.282667868674636835e-01,1.172852726102523093e+03,7.561660969523074982e+01
2.386340721114881269e-01,1.233131781584556165e+03,7.950294402326608179e+01
2.162779745459050551e-01,1.103839526758414422e+03,7.116716430240276736e+01
2.136022832217940592e-01,1.088539658067368691e+03,7.018074531436525376e+01
2.276874806685376951e-01,1.169500777165473664e+03,7.540050156089279199e+01
2.218224761750127172e-01,1.135663101452407318e+03,7.321890598589554600e+01
2.093376117827989435e-01,1.064231892958900517e+03,6.861356578204798495e+01
2.020911331742900052e-01,1.023149688893185726e+03,6.596489820331446197e+01
2.460607111037532990e-01,1.276650830459120016e+03,8.230872079286189091e+01
2.362538832663452215e-01,1.219243707670112144e+03,7.860754680822373075e+01
2.396125355996582829e-01,1.238849379937738604e+03,7.987157121186750430e+01
2.404300534078229745e-01,1.243630246746551393e+03,8.017980508594325784e+01
2.351244743864023268e-01,1.212663911558019663e+03,7.818333167582969168e+01
2.420135209414218391e-01,1.252900094526653675e+03,8.077745425870129736e+01
2.419927001344771289e-01,1.252778123708040539e+03,8.076959050941717067e+01
2.243277588349013585e-01,1.150095251259831457e+03,7.414938107007561996e+01
2.398657989118651301e-01,1.240330106415816999e+03,7.996703717589380744e+01
2.251714755792929845e-01,1.154962991901197256e+03,7.446321590712199168e+01
2.019946202487146458e-01,1.022604420440511490e+03,6.592974344701184464e+01
2.402782329320248267e-01,1.242742138729360477e+03,8.012254664606538768e+01
2.401070031063725352e-01,1.241740632351702970e+03,8.005797714370487483e+01
2.329852129233835889e-01,1.200218785833363881e+03,7.738096476855687911e+01
2.023173922079547493e-01,1.024428178304290213e+03,6.604732546178213681e+01
2.116925533801435610e-01,1.077642702276003092e+03,6.947819261136727675e+01
2.203106430089483703e-01,1.126969738209057368e+03,7.265842414475618227e+01
2.459942201125270289e-01,1.276259960426193174e+03,8.228352047055065555e+01
2.323183257786342604e-01,1.196343989336563936e+03,7.713114740630319943e+01
2.222823149857704184e-01,1.138309638650705210e+03,7.338953454471948135e+01
2.090058068326657581e-01,1.062344705662069600e+03,6.849189432060160243e+01
2.268346751328470523e-01,1.164569484547759885e+03,7.508256937651208318e+01
2.266275696391493177e-01,1.163372479337375808e+03,7.500539559860942518e+01
2.327849559680736924e-01,1.199054997758241598e+03,7.730593257850780731e+01
2.147502502285191794e-01,1.095099233137801775e+03,7.060365674802477542e+01
2.338773325869695219e-01,1.205405822053161273e+03,7.771538535229959166e+01
2.266656531133484642e-01,1.163592573261738153e+03,7.501958557830968743e+01
2.201432488341188431e-01,1.126007920163665403e+03,7.259641344373839900e+01
2.226530706671158155e-01,1.140444273321406854e+03,7.352715952792836163e+01
2.125023417064179077e-01,1.082261020116720374e+03,6.977594656618011015e+01
2.021149567605454445e-01,1.023284292518390657e+03,6.597357641973853504e+01
2.421294733147356659e-01,1.253579397962084613e+03,8.082125056969449872e+01
2.498314931526203764e-01,1.298854086704477140e+03,8.374021762456349904e+01
2.113431942870640512e-01,1.075651335863717577e+03,6.934980447412998217e+01
2.054508091624080435e-01,1.042161826457143661e+03,6.719065601045467417e+01
2.179671988817860895e-01,1.113518052946690659e+03,7.179116194585452604e+01
2.153133615942187939e-01,1.098319432510657862e+03,7.081127067405218156e+01
2.273054482637089924e-01,1.167291233659054114e+03,7.525804702656709821e+01
2.275834993028660325e-01,1.168899309973753816e+03,7.536172353798457380e+01
2.428161150311309302e-01,1.257603468578262664e+03,8.108069199008558314e+01
2.205770435019589470e-01,1.128500731465153649e+03,7.275713092772710411e+01
2.283792664116990889e-01,1.173503750290482685e+03,7.565858277576123214e+01
2.045833613571085841e-01,1.037247243695237330e+03,6.687380115029084493e+01
2.182919837135988694e-01,1.115380645203675385e+03,7.191124770648178810e+01
2.027792169369326269e-01,1.027038594075637320e+03,6.621562518614751980e+01
2.002964127934204475e-01,1.013018222317162326e+03,6.531169841388712882e+01
2.894386547853796121e-01,1.536333256463278985e+03,9.905106551769364387e+01
2.615479821575757424e-01,1.368299037775559100e+03,8.821749907992277429e+01
2.878740889391716018e-01,1.526807225824085663e+03,9.843689962562773133e+01
2.967335577057492735e-01,1.580903541452364152e+03,1.019246179842718334e+02
2.525979813488021253e-01,1.315189391302276590e+03,8.479339363254298689e+01
2.919568112392651460e-01,1.551689949901882528e+03,1.000411481325970726e+02
2.962858793481675801e-01,1.578161022647142545e+03,1.017478012625633710e+02
2.506275387266196364e-01,1.303550558636536152e+03,8.404301035985537283e+01
2.729532188227262735e-01,1.436553708854099568e+03,9.261804034819722631e+01
2.580988716944965233e-01,1.347784552758311520e+03,8.689488135297018800e+01
2.587611374337804859e-01,1.351718958803552368e+03,8.714854188483778330e+01
2.722456888134680564e-01,1.432300882941116015e+03,9.234385052878785416e+01
2.650555850918298040e-01,1.389221978166094914e+03,8.956645089797859782e+01
2.552811386036898944e-01,1.331069351571685957e+03,8.581721250676601187e+01
2.606555468452804725e-01,1.362985372949999146e+03,8.787491444826073916e+01
2.754164101232923212e-01,1.451378566667002815e+03,9.357383425315815373e+01
2.649027933015735137e-01,1.388309302822376821e+03,8.950760854402531663e+01
2.715280881245413780e-01,1.427990028140491177e+03,9.206591944873240152e+01
2.826873230999776276e-01,1.495311225872489786e+03,9.640627746625813188e+01
2.505723760924857269e-01,1.303225009878444325e+03,8.402202145576747228e+01
2.805673565636531697e-01,1.482475370900806865e+03,9.557871931347646921e+01
2.770292480689828807e-01,1.461101561911540330e+03,9.420069892261923883e+01
2.592314013519367855e-01,1.354514041773952840e+03,8.732874754351490765e+01
2.521443423270126050e-01,1.312508148550954047e+03,8.462052752402595956e+01
2.942162148454474102e-01,1.565494450831407448e+03,1.009311571981803723e+02
2.502499419086471888e-01,1.301322433091971561e+03,8.389935779725682607e+01
2.635637675323268536e-01,1.380315802894855779e+03,8.899224855835447556e+01
2.963738038097053495e-01,1.578699580874661024e+03,1.017825233946623911e+02
2.757658024212186754e-01,1.453483802849667654e+03,9.370956384579835685e+01
2.894286917214571320e-01,1.536272558123269164e+03,9.904715215109311544e+01
2.805843915692356472e-01,1.482578426782683437e+03,9.558536357172239661e+01
2.830547842395949587e-01,1.497538319369227111e+03,9.654986349027429071e+01
2.507673270033748958e-01,1.304375604118802130e+03,8.409620300785358893e+01
2.587656155235915634e-01,1.351745569797334610e+03,8.715025755901038451e+01
2.908925117526354187e-01,1.545195738372013238e+03,9.962245084213310520e+01
2.759119333637397031e-01,1.454364480033234713e+03,9.376634320212775719e+01
2.523370648741507516e-01,1.313647112879559927e+03,8.469395926799195706e+01
2.517326945548675754e-01,1.310075990417863295e+03,8.446372049431630558e+01
2.605349664588220704e-01,1.362267726530059917e+03,8.782864607370015619e+01
2.564962658033042020e-01,1.338272799412796076e+03,8.628163595204482306e+01
2.887474023595490991e-01,1.532123042589178795e+03,9.877962299795869683e+01
2.692157673194357503e-01,1.414116365652762397e+03,9.117145137270711075e+01
2.801126477635824119e-01,1.479725060019166676e+03,9.540140021803588866e+01
2.616185366416256541e-01,1.368719296147464092e+03,8.824459413846869893e+01
2.846592861781801487e-01,1.507270457361177705e+03,9.717731761444463245e+01
2.662635894974989537e-01,1.396441843434196244e+03,9.003193281389175695e+01
2.824455526952115436e-01,1.493846269562915040e+03,9.631182824256933372e+01
2.719170027719640115e-01,1.430326048574146171e+03,9.221652825190138003e+01
2.903673457413675774e-01,1.541993242175995647e+03,9.941597828209614818e+01
2.708322359540713542e-01,1.423812233964605412e+03,9.179656710418463206e+01
2.949424465060878076e-01,1.569936746888036851e+03,1.012175626091828775e+02
2.758154261471321145e-01,1.453782855032846783e+03,9.372884445257079733e+01
2.810530439544444703e-01,1.485414162724642665e+03,9.576819022433583939e+01
2.581989232006070001e-01,1.348378801265626407e+03,8.693319397009554450e+01
2.583105868953356477e-01,1.349042078424585725e+03,8.697595702886036406e+01
2.602111946297200884e-01,1.360341123125426748e+03,8.770443336187079808e+01
3.396116036388202031e-01,1.847910277026441690e+03,1.361590610262906296e+02
3.354474964215886090e-01,1.821610153896596103e+03,1.342211963394845498e+02
3.470614111426234549e-01,1.895156817708849758e+03,1.396403147949578170e+02
3.448408698458638733e-01,1.881048222372640112e+03,1.386007550732220750e+02
3.034573096860255781e-01,1.622208025937580487e+03,1.195287045842934788e+02
3.321029313196619537e-01,1.800542919989912207e+03,1.326689051796717820e+02
3.461349237480239038e-01,1.889267545554910612e+03,1.392063771863099646e+02
3.445609290648009027e-01,1.879271131799991963e+03,1.384698142008547279e+02
3.463774607069126654e-01,1.890808876495836330e+03,1.393199466470442474e+02
3.086093628751315210e-01,1.654001560246770396e+03,1.218713387652194200e+02
3.428601523957134356e-01,1.868481970598581711e+03,1.376748394249098624e+02
3.434680878516811475e-01,1.872337024899102062e+03,1.379588903229918060e+02
3.121549910492753543e-01,1.675953940510750044e+03,1.234888499188698603e+02
3.267688401639782247e-01,1.767048924791376521e+03,1.302009764101049711e+02
3.390484425916142630e-01,1.844348835017560305e+03,1.358966442813558047e+02
3.270348816459684449e-01,1.768716387281370771e+03,1.303238395868277735e+02
3.411041013437081659e-01,1.857355757503382165e+03,1.368550297476464550e+02
3.498635961467069233e-01,1.912992321363277824e+03,1.409544832698610719e+02
3.496195487131745772e-01,1.911437607566336737e+03,1.408399277238544016e+02
3.488530093790395692e-01,1.906556058303175405e+03,1.404802418818041190e+02
3.060697450996471836e-01,1.638313908773436424e+03,1.207154298875687033e+02
3.380302484706007027e-01,1.837913377429387765e+03,1.354224622426639257e+02
3.323202942389464343e-01,1.801910536801045737e+03,1.327696749103035927e+02
3.071454552975554364e-01,1.644955065288738297e+03,1.212047683833246765e+02
3.449713658242425374e-01,1.881876742808189874e+03,1.386618027149544901e+02
3.258178174877645050e-01,1.761090865978428837e+03,1.297619704131169556e+02
3.156946116419012682e-01,1.697927506544272546e+03,1.251079220977085527e+02
3.490805307698027771e-01,1.908004709477089818e+03,1.405869824449402472e+02
3.110528732458268664e-01,1.669124013808607970e+03,1.229856023217308376e+02
3.250490585461452420e-01,1.756277695115945789e+03,1.294073228778214002e+02
3.176268402368900290e-01,1.709947082650827497e+03,1.259935571942544925e+02
3.199476172853445988e-01,1.724406468089205418e+03,1.270589640859109437e+02
3.407765582690837070e-01,1.855281998521739752e+03,1.367022295390835041e+02
3.304546931292621781e-01,1.790179421091970426e+03,1.319052943613146169e+02
3.255600746160308145e-01,1.759476846076970560e+03,1.296430450318403871e+02
3.463332421699691355e-01,1.890527846584496729e+03,1.392992395979391063e+02
3.407877964622156863e-01,1.855353142418786092e+03,1.367074716151409746e+02
3.123831330762449898e-01,1.677368464647732253e+03,1.235930759089977045e+02
3.128023633256366565e-01,1.679968403802115290e+03,1.237846465054640817e+02
3.185653798385287283e-01,1.715791571437674065e+03,1.264241950424709415e+02
3.012677789416463581e-01,1.608734128255587166e+03,1.185359111139867707e+02
3.182756547310742201e-01,1.713986956358240150e+03,1.262912260894950407e+02
3.041979091912695443e-01,1.626770625567781508e+03,1.198648893488951188e+02
3.261300262624430846e-01,1.763046365650796588e+03,1.299060569537553249e+02
3.836031563848500414e-01,2.130439884264741977e+03,1.569766118088945746e+02
3.694815292360713599e-01,2.038826662577868774e+03,1.502263001744192650e+02
3.574699224774658401e-01,1.961580805371215547e+03,1.445346150768324947e+02
3.727796534709563181e-01,2.060146364042255755e+03,1.517971938313466467e+02
3.993117197541634078e-01,2.233343625061963849e+03,1.645588396352307541e+02
3.903187255380177190e-01,2.174305118333805694e+03,1.602087216990744309e+02
3.561799346777241304e-01,1.953322513872466288e+03,1.439261216720766754e+02
3.721466364237489000e-01,2.056050779841264102e+03,1.514954200352408691e+02
3.705747061118615515e-01,2.045887958834302708e+03,1.507465957103322012e+02
3.570683464448317079e-01,1.959009196553542097e+03,1.443451319367177064e+02
3.569017427282525912e-01,1.957942509344260316e+03,1.442665355185743579e+02
3.929779153701703498e-01,2.191727231758861308e+03,1.614924304562259181e+02
3.592005154389562582e-01,1.972671264298421647e+03,1.453517902896404337e+02
3.989278093916477919e-01,2.230816361436089210e+03,1.643726239695986067e+02
3.839410984214595146e-01,2.132642710775186970e+03,1.571389220644274474e+02
3.932462971443866362e-01,2.193487230374578758e+03,1.616221119466656546e+02
3.817513499498282892e-01,2.118377775216849841e+03,1.560878427694147206e+02
3.609906622695074896e-01,1.984157191811044640e+03,1.461981047046732556e+02
3.707469659653546135e-01,2.047001130060773676e+03,1.508286171974368983e+02
3.516304452009596515e-01,1.924255981423322510e+03,1.417844204137590509e+02
3.780422711625296417e-01,2.094261932932406125e+03,1.543109218430417400e+02
3.797140103085552831e-01,2.105124041632706394e+03,1.551112715893391112e+02
3.883607691098046044e-01,2.161496295139155791e+03,1.592649327279769125e+02
3.828330650185374218e-01,2.125421968594981081e+03,1.566068781186835963e+02
3.766749350606067859e-01,2.085386574226107768e+03,1.536569612461746317e+02
3.736823997698425770e-01,2.065990068557646737e+03,1.522277738923066863e+02
4.237651137984873029e-01,2.395571704366069298e+03,1.875442616528361270e+02
4.194874711174113036e-01,2.367016638015118133e+03,1.853087456691248178e+02
4.201705676478990070e-01,2.371571619571733208e+03,1.856653455785830431e+02
4.112094374051533108e-01,2.311968687759961085e+03,1.809991576207731327e+02
4.081675231917771818e-01,2.291810822022942375e+03,1.794210407815835424e+02
4.395096304885405814e-01,2.501306549761597125e+03,1.958220199326403872e+02
4.367103437642836927e-01,2.482435188009001649e+03,1.943446207799355534e+02
4.201766468026680301e-01,2.371612164713697439e+03,1.856685197723253680e+02
4.273266090907730241e-01,2.419402586729935138e+03,1.894099312252898244e+02
4.180987104030948198e-01,2.357762035060131893e+03,1.845842223017299943e+02
4.329699723735445094e-01,2.457268126719471184e+03,1.923743445745043914e+02
4.098819750663764694e-01,2.303167308517658057e+03,1.803101161829752641e+02
4.331502823046715078e-01,2.458480061591937556e+03,1.924692244023190995e+02
4.309440967062354577e-01,2.443660337616637207e+03,1.913090194350534432e+02
4.204883367443038589e-01,2.373691192937434153e+03,1.858312825117856448e+02
4.001797743426004361e-01,2.239060250806079694e+03,1.752913096979340253e+02
4.126262603963462561e-01,2.321370527166246120e+03,1.817352078197367575e+02
4.139686103843328580e-01,2.330285761164625910e+03,1.824331627065143380e+02
4.433019096641248047e-01,2.526921621215954474e+03,1.978273699099909209e+02
4.260012518425181360e-01,2.410528309364027791e+03,1.887151827469795080e+02
4.165328966202897498e-01,2.347336974445907799e+03,1.837680662701583572e+02
4.035353324044643752e-01,2.261187944142697688e+03,1.770236401897881819e+02
4.306712027094524720e-01,2.441828565493615770e+03,1.911656138547895978e+02
4.204636111064354309e-01,2.373526254074213739e+03,1.858183697956836227e+02
4.248198933938085453e-01,2.402624176987815190e+03,1.880963848759738539e+02
4.128375933930215069e-01,2.322773608582666839e+03,1.818450521077627968e+02
4.328793947347022164e-01,2.456659367301738712e+03,1.923266860822477042e+02
4.284457158568823476e-01,2.426901360096300778e+03,1.899969943934403886e+02
4.966333896463888675e-01,2.893028828337602135e+03,2.264891318268945781e+02
4.689119628724983668e-01,2.701375374404167815e+03,2.114849867012643756e+02
4.803172976111946824e-01,2.779877640014359713e+03,2.176307636843141324e+02
4.712152525100025691e-01,2.717189035305114430e+03,2.127230048963745617e+02
4.739794900271220301e-01,2.736194049519289820e+03,2.142108674187123825e+02
4.853010025258323035e-01,2.814334143271143148e+03,2.203282907300103091e+02
4.506365630500857034e-01,2.576624309752639874e+03,2.017184886800050378e+02
4.786398277840804849e-01,2.768300868176728272e+03,2.167244426075311310e+02
4.832014724049790155e-01,2.799806998100553301e+03,2.191909911409492508e+02
4.540089727323193269e-01,2.599547766057688023e+03,2.035131177781137808e+02
